J,k,K,S2,N,p,std
0,0.0,0.9900498502502464,1.0000000000000004,100,0,3.0463808105730057
0,0.0,0.9900498502502464,1.0000000000000004,100,0,3.3411082359625732
8.671660717358796,0.25,1.4612613607306226,16.124999999999996,100,0,7.093982858035515
0,0.0,0.9900498502502464,1.0000000000000004,100,0,3.353088488833796
8.665602037471103,0.25,1.39002347251258,14.875,100,0,6.2662514217639655
8.130300658523597,0.25,1.3571488094485646,13.625,100,0,2.5611012493105942
9.783903393570503,0.5,2.08823438934125,84.5,100,0,11.733006624176596
9.6404485947091,0.5,2.302941648797884,75.5,100,0,9.01982362386182
9.572572988373105,0.5,1.7698999701639366,86.0,100,0,9.886036259702596
10.058442938263035,0.75,3.688636883340335,601.7499999999995,100,0,24.372934078134648
9.999338617222262,0.75,2.6557366357205066,187.75,100,0,19.129647084104498
10.112692828744443,0.75,3.0440983689556216,238.37499999999997,100,0,20.635732668216036
12.434161546164821,1.0,4.341053314184074,1471.0000000000005,100,0,31.662934147766155
11.20639516579431,1.0,3.370484218001703,472.99999999999994,100,0,23.526767619308224
11.39049522751281,1.0,3.565684345613792,577.0000000000002,100,0,29.098049567613817
11.686134058048584,1.25,4.211921254987741,1475.9999999999995,100,0,36.75452563316227
12.494299724516809,1.25,3.695942043412608,1082.2499999999998,100,0,31.010861245570705
11.484580422538471,1.25,3.716170163020827,1232.2499999999998,100,0,43.57832619592612
11.29217376526564,1.5,4.23225903387921,2732.499999999999,100,0,35.26242764515702
13.043334921489922,1.5,4.4736908880389334,2111.4999999999995,100,0,37.82501578768083
12.922010810221797,1.75,5.138215052532974,4117.0,100,0,50.645868149787205
11.734068986863344,1.5,4.202559160473898,1458.9999999999995,100,0,45.36847391339217
12.731880359454834,1.75,4.723946179505327,4061.8750000000014,100,0,59.99887426409321
15.112863176755912,2.0,5.0774427092686585,6856.999999999999,100,0,48.99932360701034
12.354521354924318,1.75,5.178050635078353,5752.374999999998,100,0,49.92219075072755
16.838066054102793,2.0,4.65552308333053,4353.000000000001,100,0,53.99174477562306
15.080677937354514,2.25,5.844303407608965,13203.999999999989,100,0,53.23271682810179
13.152403699040732,2.0,5.540828126632383,7080.999999999999,100,0,49.00261100150136
16.53226754258926,2.5,5.764613813285422,10101.000000000004,100,0,76.96442649617109
13.200802880042971,2.25,5.74590862903389,9913.37499999999,100,0,81.20541581995413
13.449743090423334,2.25,5.194327538595981,4334.500000000001,100,0,69.88529347421323
14.88640588149121,2.5,5.8795095314663355,10701.000000000002,100,0,65.78280206909352
15.597819706397155,2.75,5.876864639158869,12811.875000000005,100,0,78.10916869048032
14.151344415663184,2.5,5.622006241013224,8826.000000000004,100,0,72.27501509986023
16.22402757190748,3.0,6.23250432635466,23239.000000000004,100,0,61.2210863406279
14.682558400501511,2.75,5.948869445397204,14294.124999999995,100,0,76.44452356683414
16.857730461053958,2.75,5.7996096318697585,9832.249999999996,100,0,80.6338413264575
15.078221790154938,3.25,6.250392015624965,18400.875,100,0,76.83999786535723
14.393315285704503,3.0,6.1069489318164125,15463.00000000001,100,0,61.66190819096207
16.94600324769141,3.5,6.67682756093625,45668.99999999999,100,0,87.22259226098674
14.090102945612642,3.0,5.844465361462151,10063.000000000004,100,0,98.64442395796613
16.734782670787318,3.25,6.569471045673798,36483.87500000005,100,0,75.82936071176994
17.250279831351378,3.75,6.770987855646918,52538.50000000004,100,0,60.85278189396569
20.249613715798134,3.5,6.260652609908605,25603.49999999998,100,0,67.07575130524616
16.90988649410509,3.25,6.390672558849503,33357.375000000015,100,0,82.64189688256916
19.514439596939702,4.0,6.743768041423652,54816.99999999997,100,0,95.52539499467834
19.43286493131402,3.75,6.79882403079394,61791.62500000004,100,0,95.74275032163943
17.07810480138982,3.5,6.791413909755806,58458.0,100,0,92.75567958864492
19.990679904646907,4.25,7.04004730531148,87315.12499999999,100,0,73.20552347292721
17.04445999128471,4.0,6.469409989398159,28065.000000000007,100,0,81.79650380798915
15.616899673086515,3.75,6.370220274641299,30066.624999999985,100,0,84.3484112091569
21.15954284480857,4.5,7.08103772248619,91571.50000000003,100,0,88.25567686735965
17.47969776412278,4.0,6.8577823007050736,61120.99999999996,100,0,68.78938092867142
16.238554710683193,4.25,6.320873972578867,33886.25,100,0,75.63404298392075
18.926546059481723,4.75,7.088468662931055,114573.37500000009,100,0,108.43076299434844
18.552617821738938,4.5,6.142670151035176,22113.999999999993,100,0,60.4294778028123
18.27751188760798,4.25,6.431231886241853,34681.000000000015,100,0,83.40212186464987
20.087757161479583,5.0,7.136320560007113,93200.9999999999,100,0,94.34078435332303
0,0.0,0.9900498502502464,1.0000000000000004,100,0,3.30593365839906
8.152146833663505,0.25,1.4850632505904875,16.749999999999993,100,0,3.6309229667118346
17.487820839056656,4.75,7.19021777642238,119582.25000000009,100,0,85.5283284176323
9.974844150840255,0.5,2.398941461258255,109.99999999999999,100,0,13.525490560907869
20.020519723208132,4.5,6.686483838304659,44267.500000000015,100,0,104.326578674131
23.497417452302855,5.0,7.450237057344684,196051.00000000012,100,0,94.18835514969085
0,0.0,0.9900498502502464,1.0000000000000004,100,0,2.9701270180912873
10.055629342639772,0.75,3.299844565078009,367.75,100,0,21.81739481440294
8.69511956201659,0.25,1.1082579663425307,16.249999999999996,100,0,4.817352506918954
20.784835779480172,4.75,7.367180774728153,168948.99999999983,100,0,93.04572748061778
11.353982741854123,1.0,4.137127919275683,1123.0000000000005,100,0,34.451550923794706
9.658522618957726,0.5,1.8157301505557244,84.49999999999999,100,0,14.67488286897979
22.218621098196,5.0,7.338254247133157,151651.00000000012,100,0,73.08814728340121
0,0.0,0.9900498502502464,1.0000000000000004,100,0,2.8410056946077487
9.135456761108548,0.25,1.4046526542835909,16.624999999999993,100,0,3.0467847624084805
11.581374276352511,1.25,3.9009671524477745,1288.4999999999998,100,0,38.51080597287706
10.090055703585154,0.75,2.833055207750279,290.1250000000001,100,0,28.25219576880825
9.613497255700599,0.5,2.395207172295275,92.49999999999997,100,0,14.752518367678093
10.274665152620178,0.75,2.4391776739313955,274.3750000000001,100,0,7.823840073872969
13.12643053005228,1.5,4.073476362249542,1805.4999999999995,100,0,33.65692718701485
10.819322053920072,1.0,3.3767261055344595,463.0,100,0,25.445763813061294
11.278388651250904,1.0,4.356761838513224,1737.0000000000002,100,0,38.21454009226259
12.012097254741168,1.25,4.14750045351342,1285.3749999999995,100,0,33.05373131674952
13.808813819122227,1.75,5.235561216686873,5035.75,100,0,48.11657380796774
11.495081501327642,1.25,4.082743212627154,1379.1249999999995,100,0,31.82451140551621
11.283521318263595,1.5,4.265693535654967,1782.9999999999993,100,0,36.797731154839084
13.791239142103615,2.0,5.612521884060382,10513.0,100,0,53.20181525657263
12.979232941509178,1.5,4.20665383932567,2489.4999999999986,100,0,36.86609420135901
12.360758725771415,1.75,4.1414838452681595,2003.8749999999995,100,0,34.30589086194245
15.688644763794448,2.25,5.63532088228439,8303.499999999998,100,0,68.31822494127887
13.041953103497347,1.75,4.218863030014416,2132.500000000001,100,0,39.2180927831908
13.749960160671671,2.0,4.8953020835226955,3377.0000000000005,100,0,46.859061290768565
14.53281233862881,2.0,4.769824412064409,8697.0,100,0,49.770997394627756
13.34735757508522,2.25,6.015714160253857,16686.99999999999,100,0,64.98253545263152
15.602074977025666,2.5,5.706798385214386,7426.000000000004,100,0,98.2644056371156
14.114793403733108,2.5,6.0742692588992,18125.999999999978,100,0,47.21973465596437
17.292266703661493,2.75,6.359060158756142,30387.12500000002,100,0,58.89280813135964
15.209745088644006,2.25,5.727423004311587,13082.5,100,0,72.02144257622439
15.564637962118097,2.75,6.5330878014588105,41019.99999999996,100,0,71.85946972180226
14.802863397595425,3.0,6.019773192427818,15715.000000000013,100,0,59.23558010512044
13.515448151303886,2.5,5.606042826482802,8076.000000000004,100,0,69.6182069631383
17.5616960781446,3.0,6.243366390897927,17875.00000000001,100,0,69.62410236867493
16.77483479749274,3.25,6.393367585688913,23513.124999999993,100,0,98.69605378888818
13.955888156551575,2.75,5.949083825201706,11132.999999999995,100,0,79.74317459345549
16.912908322263224,3.25,6.475592492152661,36505.000000000044,100,0,87.55048915903734
16.4567799904349,3.5,6.2342078208386695,30013.49999999999,100,0,73.2916062329458
15.81239404433304,3.0,6.245323989333721,20575.000000000004,100,0,59.807662861327046
17.305621960562632,3.5,5.951015889746884,16464.999999999993,100,0,62.69173284592113
16.801403260332027,3.75,6.898716346161361,70735.37499999991,100,0,87.12997663521392
17.04628529729514,3.25,5.695753109364885,32406.75,100,0,76.52576668725804
19.48710868795064,3.75,6.506861860074885,29560.374999999985,100,0,73.69556723277668
15.602924618439703,3.5,6.507473165235306,29866.49999999999,100,0,60.786270789283066
15.433471924505879,4.0,6.533554712917237,27937.000000000015,100,0,77.35262613741426
15.54733274292425,3.75,6.3357986282958825,22163.499999999985,100,0,72.33838904671158
15.874045741869429,4.0,5.918361640159925,29633.000000000015,100,0,108.42523854999821
17.411699965705957,4.25,6.429157756668936,36993.0,100,0,95.45447045241214
18.672419560791866,4.0,6.659586889699117,45216.99999999998,100,0,98.931143271679
15.036249646119419,4.25,6.514929770689954,27564.375,100,0,89.92639801713081
20.69247700899053,4.5,7.344206282242425,162244.00000000003,100,0,84.04316736036148
16.752108777043144,4.25,6.302125047742549,22434.625000000004,100,0,54.35988546341671
18.173966097918417,4.5,7.169178336212782,107528.50000000004,100,0,96.82300653648777
20.695008145581458,4.5,7.212381619125658,125834.50000000003,100,0,59.90448377388806
15.518477164363299,4.75,6.953326645373437,65748.12500000001,100,0,101.63404758472069
18.222246067166523,4.75,7.167692497341006,108752.25000000009,100,0,73.90573491136385
18.172522471086772,4.75,7.103619277467027,98328.37500000004,100,0,75.59537674698018
19.86611899709018,5.0,7.160221909526218,99900.9999999999,100,0,88.47936333657053
0,0.0,0.9900498502502464,1.0000000000000004,100,0,3.116466400697617
8.691806705996376,0.25,1.26425548619003,15.0,100,0,3.1069247461471936
9.532903608507693,0.5,1.991629117652185,79.99999999999997,100,0,6.944200325529184
19.95354167998546,5.0,7.159410186615048,96100.9999999999,100,0,96.39272841006974
19.113526232869802,5.0,6.941023821399321,77201.00000000001,100,0,80.15394682618866
0,0.0,0.9900498502502464,1.0000000000000004,100,0,3.4283867830746475
0,0.0,0.9900498502502464,1.0000000000000004,100,0,4.52335809065299
8.66775202618799,0.25,1.3053298401953906,19.25,100,0,2.737272699169109
9.136203448505352,0.25,1.4034062444331785,19.999999999999996,100,0,4.0860163159231995
9.934040567893529,0.75,2.9689191715112426,390.25,100,0,18.84278267459649
9.635205609051676,0.5,2.0429214778316624,77.5,100,0,11.183525966326059
9.581557829793523,0.5,1.961246263171887,71.5,100,0,11.975636788989036
11.810968579358411,1.0,4.144135280789802,1253.0000000000005,100,0,27.068241933915907
10.877278317330717,0.75,3.364760226647878,511.7500000000002,100,0,20.102121107559825
12.103578734045945,1.25,3.9435057874737325,1235.3749999999998,100,0,21.74993956696405
10.401477196589036,0.75,2.978933111974292,402.62500000000006,100,0,27.442946370134706
11.813588075513131,1.0,3.61641069901381,511.0,100,0,30.718414337912062
12.382533805316859,1.0,3.031455556068738,629.0000000000002,100,0,31.109388781892672
12.004288067414022,1.5,4.858597844638863,2313.9999999999995,100,0,60.23283728612924
11.910614194930973,1.25,3.715846493444328,854.1249999999998,100,0,44.078130289326765
11.975819696079045,1.25,4.469226186054989,2019.7499999999998,100,0,48.052527591033424
12.164659380715419,1.75,4.497820016726452,4092.500000000002,100,0,62.166168463784494
13.590004042911902,1.5,4.67160601916679,2597.499999999999,100,0,56.7643054300895
12.437643044052967,2.0,5.021065831214546,3496.9999999999986,100,0,39.23569953698097
14.394794649585238,1.5,5.122820694180434,5351.500000000007,100,0,60.45548505852708
12.944015583513881,1.75,5.390216105653363,6952.874999999997,100,0,49.68111450699764
14.516387356555665,2.25,5.181611286938412,7402.375000000002,100,0,50.952743971072415
12.755594453972638,1.75,5.373220333550404,5378.749999999996,100,0,63.80413841653219
13.115390066026809,2.0,5.536540969339126,7616.999999999999,100,0,52.38784217788186
13.27965842795873,2.25,5.208474494332387,3990.25,100,0,39.39918664560744
14.948744891101374,2.5,5.819986936785356,11213.500000000004,100,0,80.46254944328106
14.738500584727182,2.0,5.653131070097001,9729.0,100,0,88.60350874725333
13.824192458540558,2.5,5.862397792089022,11988.500000000007,100,0,52.93450714347906
14.281172312982799,2.75,6.102813364963097,17304.000000000004,100,0,61.608586948149316
14.801854269813672,2.25,4.985993682992207,4648.375000000001,100,0,41.13193454630496
15.75842171571479,2.75,5.6140792814101435,13507.624999999995,100,0,64.56916213294457
14.338326489416595,3.0,5.863635927486014,11737.0,100,0,72.34383111227612
15.254594614954408,2.5,5.868522825780618,13313.500000000005,100,0,73.55499857965697
16.809153073551613,3.0,6.3651054534718,25075.00000000001,100,0,86.16533583830491
18.900179444436066,3.25,6.689765736683523,51926.25000000005,100,0,96.3390855028775
15.130179803990197,2.75,6.103055400874243,19194.625000000015,100,0,78.62430553556857
16.419481109908084,3.25,6.28204284337238,26724.124999999996,100,0,85.7650254649553
15.027872517722834,3.5,6.351352086414899,29964.499999999985,100,0,111.45971715755486
15.489994686870547,3.5,6.107503247441526,20948.499999999985,100,0,46.41507052067138
15.590691333845031,3.75,6.6289175599791355,38222.87500000003,100,0,81.30661249501965
16.549755024902012,3.75,6.804085048922194,61229.12500000004,100,0,96.5843800227447
17.93011873769169,4.0,6.982851649680403,78720.99999999996,100,0,74.08923524931924
18.18306279941155,4.0,6.33344573105803,31329.000000000015,100,0,63.44341727207399
16.73580133939202,4.25,6.442579234717359,34681.000000000015,100,0,68.69856867421576
19.706910587540765,4.25,6.949150135834984,66254.25000000001,100,0,92.96863843967873
19.766538541127574,4.5,7.190768962892799,116438.50000000003,100,0,81.93385660142698
15.415606918257525,4.5,6.517514685128107,36086.500000000015,100,0,66.61493004072696
16.030403932167683,4.75,6.743686266333496,47698.124999999985,100,0,92.35732041327923
19.94829521232868,4.75,7.173163047421804,109248.62500000007,100,0,81.40468586763798
17.88451898054005,5.0,6.731214176660171,39851.0,100,0,80.92074228719127
0,0.0,0.9900498502502464,1.0000000000000004,100,0,2.5964464391669675
8.69654494857743,0.25,1.3324415521587523,18.874999999999993,100,0,4.035566830439514
20.250537224929815,5.0,7.100129060666529,92300.99999999991,100,0,77.40196579371468
0,0.0,0.9900498502502464,1.0000000000000004,100,0,2.8140318683742596
8.67220870666397,0.25,1.1175603685397881,11.375000000000004,100,0,4.340645933502218
9.781944650567796,0.5,2.2383694079878866,94.0,100,0,13.738728134855778
9.573003797730957,0.5,2.1850363252579013,65.5,100,0,11.811184200374488
9.932863754268997,0.75,3.376800065297198,487.0000000000001,100,0,19.74048383295084
10.158126276929469,0.75,2.3354179512323396,214.74999999999994,100,0,16.611315178511642
11.667810247226296,1.0,3.4865848081728648,561.0000000000002,100,0,35.115094395220424
11.830543538881466,1.25,4.132237381135614,1329.1249999999998,100,0,38.91926380423908
11.859760817082252,1.0,3.7015807689391926,693.0,100,0,33.116915366813835
11.84895195201502,1.25,4.17250021412443,2185.375000000001,100,0,37.79130019498738
11.876554968441102,1.5,4.525299934409346,1940.499999999999,100,0,48.85103353077595
12.094994744272764,1.5,4.651804212541322,1850.4999999999993,100,0,40.315181577766936
13.06293131430733,1.75,4.975951196379996,3584.1250000000005,100,0,51.75191283329566
11.857675342694522,1.75,4.952871950920158,3222.7500000000014,100,0,55.69845947617143
14.559428831515287,2.0,5.430922426657705,10104.999999999996,100,0,54.1056311868789
12.866931306587816,2.0,5.634883160710088,6992.999999999999,100,0,47.53424035992988
14.396129169731598,2.25,5.568006145279208,10125.999999999989,100,0,48.839136528098585
12.873783035228305,2.25,4.955648686615955,8597.124999999998,100,0,41.72729237771162
14.076568320773088,2.5,5.491560583271013,6926.000000000002,100,0,64.52357826680182
16.44817158671129,2.5,6.1674715968615486,21513.499999999978,100,0,55.475022340278514
15.5581773445108,2.75,6.404315899863517,32792.00000000001,100,0,71.43831820219874
13.968777949212546,2.75,6.066684422740603,20177.750000000015,100,0,41.046937567350014
16.29110670799178,3.0,6.547469908147276,37027.0,100,0,70.75291981720544
14.070337674796798,3.0,6.435751528527193,29863.000000000007,100,0,95.62351667610507
17.684576365853328,3.25,6.17493576908271,19583.875,100,0,66.692187282243
15.857356782376938,3.25,5.467001085287168,11091.624999999995,100,0,52.41782834418358
17.711709358946244,3.5,5.918250601018754,19943.999999999993,100,0,72.16537172589223
18.456149593413606,3.5,6.565500654515236,42410.5,100,0,80.57393366444158
15.934145689485716,3.75,6.104190978898299,15301.000000000007,100,0,81.78128922269363
23.215582608244905,3.75,6.631943395866088,39235.375,100,0,85.54989444857624
17.024972857302675,4.0,6.77968515601363,52640.99999999996,100,0,71.55609526331355
17.25724858165512,4.0,6.24390795058234,33473.00000000001,100,0,69.63794077296741
20.61867280161773,4.25,7.131861007152206,104835.74999999999,100,0,85.91738575636278
20.839788552157394,4.25,6.251012848238443,45085.00000000002,100,0,63.360695528156555
19.314757836224924,4.5,6.928065788508082,61439.50000000005,100,0,71.52430243288678
18.87770481410638,4.5,6.462318153624165,72941.50000000003,100,0,80.25274875773522
18.42994205179813,4.75,6.788845700478061,38086.49999999998,100,0,75.4544798951667
15.421954505295702,4.75,6.930854924526692,65703.00000000001,100,0,103.39509549674425
18.53995536276948,5.0,6.959605216745658,67601.00000000001,100,0,86.75382386218149
0,0.0,0.9900498502502464,1.0000000000000004,100,0,2.8425486546562966
8.721088784713318,0.25,1.4199889772537464,20.37499999999999,100,0,4.3456788930464
18.267219401895083,5.0,6.552160977115308,70651.0,100,0,72.82131039820595
0,0.0,0.9900498502502464,1.0000000000000004,100,0,3.0255167614719523
9.613016598275776,0.5,2.357882161608439,105.5,100,0,13.328697106603919
8.689315576981324,0.25,1.6800777938666716,25.375,100,0,10.331432968514061
10.823734060337818,0.75,3.5048715480005597,500.50000000000034,100,0,26.785059098705506
9.582378560727621,0.5,2.23341570084788,142.50000000000009,100,0,13.599511984615269
10.585196852027359,1.0,4.170845032109026,1091.0000000000002,100,0,43.70544234460769
10.602532048674266,0.75,3.117187039096862,431.875,100,0,30.614017270800176
11.7082403376073,1.25,3.398929452599063,676.0,100,0,26.401645384450504
11.377265227900264,1.0,3.5377361163543886,1083.0000000000002,100,0,38.32720399564257
11.920520659976926,1.5,4.7920299640585,2345.499999999999,100,0,53.846436790932664
11.399977533674265,1.25,4.296212680645168,1050.9999999999995,100,0,50.659159219334306
13.20237483090624,1.75,4.804716481076434,2959.375,100,0,45.53133579571185
12.608971877032053,1.5,4.657484909530075,1976.4999999999995,100,0,43.66137894851146
14.149552602435117,2.0,4.95045021158513,3968.9999999999973,100,0,68.39254914430737
0,0.0,0.9900498502502464,1.0000000000000004,100,0,3.51260847863937
12.378433448028458,1.75,5.4885285608311705,8747.50000000001,100,0,75.96230592437851
15.224785774054942,2.25,5.276936901676882,5174.875000000001,100,0,75.906018347298
13.250421545290763,2.0,4.992664859349222,4224.999999999998,100,0,21.493917401596956
13.318329769718588,2.5,5.948134647930129,13263.500000000004,100,0,66.10325810770196
14.108465590663448,2.25,5.429321547393274,8627.499999999998,100,0,62.24231679969882
16.08874181482597,2.75,6.218466570840536,22219.625000000015,100,0,75.19688326128808
14.331040505731204,2.5,5.314062754701381,7201.000000000004,100,0,52.7815255610887
17.03288937059893,3.0,6.112383925103238,17173.000000000007,100,0,88.76967034925812
15.115037989824328,2.75,6.016392395443564,16018.374999999995,100,0,78.43328353319718
16.382639891539828,3.25,6.268861758573142,25583.374999999996,100,0,50.49426644495339
13.168756241054757,3.0,6.380496730788153,26317.00000000001,100,0,42.97145732796779
17.144702026068817,3.5,6.2962610253375395,20580.999999999993,100,0,66.44812624868143
16.375649674998566,3.25,5.876282773175687,34624.875000000015,100,0,80.77381735682168
16.624766924776054,3.75,6.768587352552889,47616.62500000004,100,0,70.25900255138265
16.687705819015566,4.0,6.958150768210963,75904.99999999996,100,0,55.54042204215348
19.637750618890067,3.5,6.080766803870267,21168.999999999993,100,0,79.45314354807174
16.847253824102943,3.75,6.554555779746193,30966.624999999978,100,0,51.56401447365619
20.628573013045077,4.25,7.006408826101976,79367.62499999999,100,0,91.85163683562048
22.319453250669568,4.0,6.610776278060881,29345.000000000015,100,0,71.27262205222833
20.82695215587463,4.5,7.181364078214098,114130.00000000006,100,0,85.95340040732364
19.036669151076257,4.75,6.744285679078116,48600.624999999985,100,0,65.59127688471379
19.637471128617005,4.25,6.650536882169032,66904.50000000003,100,0,92.45558347379301
17.542310063882557,5.0,6.782779738908547,49850.99999999998,100,0,86.02355448882204
17.445518729773234,4.5,6.698423186323096,37747.00000000001,100,0,88.30318416488858
0,0.0,0.9900498502502464,1.0000000000000004,100,0,3.0317762965569055
8.678406099898957,0.25,1.2044537068671681,11.625000000000002,100,0,5.283607639656712
18.222246067166527,4.75,6.5148622473801785,42328.249999999985,100,0,71.31033629661188
9.63411813319379,0.5,2.062825981868715,100.00000000000001,100,0,13.788254470437018
9.913300794064503,0.75,2.8014545404548734,236.12499999999997,100,0,15.56232555243493
20.87066203205098,5.0,6.526640398043044,76350.99999999991,100,0,78.36964718284422
0,0.0,0.9900498502502464,1.0000000000000004,100,0,3.5645355816680966
8.664911391301905,0.25,1.2979535858440365,20.749999999999996,100,0,4.552390445878259
12.463427480678142,1.0,3.3438189413201695,919.0000000000006,100,0,31.98229664702183
9.545830069008993,0.5,2.5012890257854425,114.49999999999999,100,0,8.707249618787916
10.32105284377639,0.75,2.8468378174755293,302.5000000000001,100,0,22.020126585708457
11.776836835656148,1.25,4.267770628291216,1307.2499999999998,100,0,48.77068087761365
11.551556995321965,1.0,3.701739645906418,671.0,100,0,46.98909318542613
11.8330755825208,1.5,4.4005491000262245,2259.999999999999,100,0,42.99763349316634
10.784517374050946,1.25,4.914158316121577,3382.2500000000027,100,0,35.16509790621356
13.279180916737376,1.75,4.970747701703449,4055.7499999999986,100,0,62.18574177848093
13.269138180947138,1.5,4.906985017749611,3191.4999999999995,100,0,44.52684176727212
13.263199021507404,2.0,5.143367031402,3736.999999999998,100,0,60.21639908696292
12.174386468790907,1.75,4.507718173180934,2953.2499999999995,100,0,44.18231273033638
14.10822033045728,2.25,5.450309294128299,9032.499999999998,100,0,68.69491336112273
13.437331654347503,2.0,5.045419156177711,3553.0000000000005,100,0,54.17756067973059
14.992892544284873,2.5,5.784967263354302,13588.500000000007,100,0,45.388643387454685
15.555195878048433,2.75,6.342783214578121,29509.875000000015,100,0,80.8766783507686
13.839851679977647,2.25,5.612487743634568,8617.374999999998,100,0,77.07307795077887
13.872133156945845,3.0,6.337426886458174,26461.000000000004,100,0,75.64518716159176
12.656894534285476,2.5,5.441970832412721,6876.000000000004,100,0,54.99074230444404
15.774807147307989,3.25,6.258016124796009,19605.0,100,0,82.79633571393494
14.147558926698501,2.75,5.362250713382001,7866.000000000005,100,0,56.3269472929384
15.427299923980073,3.0,6.100571134446882,15517.00000000001,100,0,69.51642201347173
16.48027502517994,3.5,6.264793292836661,22148.999999999993,100,0,86.17821403213397
16.482213609022534,3.25,6.0415575605873055,16520.749999999996,100,0,75.83150723508348
15.581798638936279,3.75,6.386631397542652,29700.99999999998,100,0,63.20572453062381
15.949772835995219,3.5,6.5023114035414,25701.499999999993,100,0,66.20398027977447
21.332039684815822,4.0,6.8159389542217275,57120.99999999997,100,0,79.79433924317892
15.564865354137698,3.75,6.703464957670684,52482.25000000004,100,0,82.15997823155514
20.343802924630776,4.25,6.864916425211082,63508.750000000015,100,0,75.52576387628542
19.234713921952423,4.0,5.836456297030811,32033.00000000003,100,0,67.4895150063892
18.46256871327274,4.5,6.838698040378472,62857.000000000044,100,0,97.18704602925405
17.80880541892673,4.75,7.013345989451312,71524.12500000007,100,0,60.1229566615745
16.732528005857837,4.25,6.980721233578789,78356.12499999999,100,0,93.58818223358726
18.999049491595454,5.0,7.380122981895743,174451.00000000012,100,0,97.4974142133103
0,0.0,0.9900498502502464,1.0000000000000004,100,0,2.830885908301771
18.159557903593374,4.5,7.214629233262854,119435.50000000001,100,0,105.44504319552715
8.680126329535927,0.25,1.184236735414384,14.000000000000004,100,0,4.998215868584281
9.647782731283211,0.5,2.4770125303309527,151.00000000000006,100,0,14.320447142785012
22.34274561616718,4.75,7.087468941525692,99817.50000000009,100,0,77.20694049087807
10.416934052152824,0.75,2.837713231868525,240.62499999999997,100,0,19.001553829022125
21.36665226276048,5.0,7.250582179329782,136451.00000000012,100,0,80.56696281129902
0,0.0,0.9900498502502464,1.0000000000000004,100,0,2.6233439285382327
8.703795643759637,0.25,1.3604467461345022,19.999999999999993,100,0,4.325890605625109
11.69115265595026,1.0,3.536035060708171,751.0,100,0,32.20277557450904
9.600172712191473,0.5,2.495271582771029,98.99999999999997,100,0,14.509649027308802
9.944196565252048,0.75,2.907986559336827,239.49999999999994,100,0,11.109593495293844
12.048334000195378,1.25,3.5934808680901846,816.6249999999998,100,0,30.046293613324693
11.473368404050152,1.0,3.468440222026211,595.0000000000002,100,0,29.464685872466053
13.196558544425299,1.5,4.720595187288892,2250.999999999999,100,0,61.302186923495626
11.181901358589176,1.25,4.471397108446199,2282.2500000000005,100,0,28.035040610467558
14.514719560640295,1.75,4.6546386660469175,2996.125,100,0,50.07190929164519
12.10551684178749,1.5,4.603991592454724,2286.999999999999,100,0,61.99328876794708
15.304373735100858,2.0,4.91215851311377,3505.0,100,0,65.48286668922384
12.569343173932342,1.75,5.300414271259321,5103.125,100,0,61.27388004709548
14.356670422784585,2.25,5.229298860928828,5590.0,100,0,73.11405561862017
13.501267521949107,2.0,5.1146687842593455,4368.999999999999,100,0,59.94016510792377
14.974631779381964,2.5,6.071526261054044,17725.999999999996,100,0,71.09830303780907
13.245383414495464,2.25,5.7497757255831194,10561.374999999993,100,0,61.7905126770901
14.369422288580052,2.75,5.678904483782527,24518.62500000001,100,0,75.1183991428559
14.569287855994405,2.5,5.3034414928248985,7326.000000000004,100,0,64.79979721280917
14.418023042812774,3.0,5.804127215139144,9847.000000000002,100,0,80.4298553104059
15.002693325121875,2.75,5.637319801827529,8395.375,100,0,73.46716358050898
14.03133661729881,3.25,5.2850147779305425,9084.749999999996,100,0,69.17486653939469
13.57609806408625,3.0,5.4851013727567866,8281.000000000004,100,0,79.42202344902907
16.5600608874401,3.25,6.028857268926539,24273.625,100,0,51.12529018323084
15.95443944606154,3.5,6.678963099036287,45938.49999999999,100,0,83.41146022091183
14.265265013852163,3.5,6.478913647397469,31458.99999999999,100,0,67.29414683366815
16.56344793897639,3.75,6.474883400326993,34285.375,100,0,70.98681805736062
16.44265804139815,3.75,6.114234074373479,17832.25,100,0,85.1163936982136
15.64443505265333,4.0,7.078721582265014,96288.99999999994,100,0,100.16285547808826
21.881836287050124,4.25,6.72074941972815,60329.750000000015,100,0,50.43443210227144
19.031824493659254,4.0,6.401004626433857,41249.00000000001,100,0,79.45441894302924
19.18413120533089,4.5,7.099348048805275,100522.00000000004,100,0,75.17127402873378
27.284786261470366,4.25,6.951353134768633,73515.375,100,0,98.30923013674463
22.005859979074682,4.75,6.867289779879146,67327.5,100,0,88.27186116464264
17.13398073772304,4.5,6.908769032315017,76100.50000000004,100,0,87.99707333487356
17.540300245400005,4.75,6.674369281250031,40162.249999999985,100,0,63.72502605984654
20.971177164885614,5.0,7.3287840996809255,147501.00000000012,100,0,80.65129320449269
0,0.0,0.9900498502502464,1.0000000000000004,100,0,3.014286142913369
8.663603745706622,0.25,1.301677752070038,11.750000000000002,100,0,4.993293727888072
19.359346443171884,5.0,7.1318642113696145,112700.9999999999,100,0,84.10211452265477
0,0.0,0.9900498502502464,1.0000000000000004,100,0,3.2449901976755857
9.639647735569872,0.5,2.5309016994245166,150.50000000000006,100,0,10.67065790853964
9.13547291124895,0.25,1.4936958081039886,20.0,100,0,5.527288143022449
9.53654139280555,0.5,2.2689857796517408,181.5000000000001,100,0,11.325246089575087
10.560548603386618,0.75,3.065371945111412,309.2500000000001,100,0,27.5729770839723
10.251401195626245,0.75,3.2325701405234657,535.3749999999999,100,0,17.51277938239104
11.8461985595131,1.0,3.8203254437109493,981.0000000000002,100,0,21.158905887118568
10.509232764070402,1.0,3.4303034700750428,441.0,100,0,40.67069208346778
12.2422905679202,1.25,4.033696844474649,1347.8749999999995,100,0,47.986321667322414
11.385142446952575,1.25,4.415612991897924,1666.6249999999998,100,0,25.785669757641287
12.970092629940622,1.5,5.120574663064026,4636.000000000006,100,0,55.660701238674754
11.375299415025252,1.5,4.048175633026807,1413.9999999999993,100,0,51.674301363637845
12.307456792593117,1.75,4.3127727620614555,3467.749999999999,100,0,51.02614396610866
12.612505818415618,1.75,5.120550487386056,4319.125000000001,100,0,44.708099775433084
14.534084555868372,2.0,4.706032468705368,6256.999999999998,100,0,73.9750537352606
13.12795784446997,2.0,5.443477224028377,7192.999999999998,100,0,67.43774533844663
14.147942587656564,2.25,5.470679667657271,6946.750000000002,100,0,58.554383983503406
14.39993266506397,2.25,5.056622802665729,3544.749999999999,100,0,56.19432938691213
14.29675708873172,2.5,5.519551450861573,8138.500000000005,100,0,63.99456764669786
12.901464813247141,2.5,5.68798424582624,9113.500000000007,100,0,87.19569601405324
16.061843186477457,2.75,5.851499167874236,19935.75000000002,100,0,56.92538764790701
14.285409554204639,2.75,6.132089659943249,21781.000000000015,100,0,64.14994596162444
16.782468931563397,3.0,5.850423133794451,17263.0,100,0,70.50238329686492
17.108762502947723,3.0,5.831410811040253,15283.000000000007,100,0,52.342554710431195
15.899045746012737,3.25,6.287660729557917,27167.749999999993,100,0,90.59192162117597
15.530743363422312,3.25,5.86324142264674,14154.749999999996,100,0,80.18846883217633
16.456929581938144,3.5,6.399008592182776,34717.499999999985,100,0,84.32382877951572
17.704460463942283,3.5,6.765902478752481,60099.49999999999,100,0,107.61921958425074
14.913144508257613,3.75,6.711447359087734,42188.50000000004,100,0,60.55719299624896
16.24321598926046,3.75,6.801179884042568,59429.12500000004,100,0,79.78125313782142
16.64163886528301,4.0,6.603101364570504,39617.0,100,0,56.629736388563636
17.32597244175292,4.0,6.953118736346631,71936.99999999996,100,0,87.90852966916981
18.31701448132506,4.25,6.334238506932618,29623.500000000015,100,0,89.53362438184307
17.473177998771174,4.25,6.840290074058608,52165.500000000015,100,0,77.92331766180334
17.475852915653544,4.5,7.0752665036761035,91450.00000000001,100,0,78.35882979879464
17.037358935548948,4.5,5.962505779963184,32765.499999999993,100,0,80.02281745701458
19.59184381009651,4.75,6.4524017563938525,38266.99999999998,100,0,77.79294342910511
18.965770449254304,4.75,6.725956606814001,47246.87499999999,100,0,93.08917253614818
17.863147726390793,5.0,6.38011531064011,64001.00000000004,100,0,81.59632685119757
0,0.0,0.9900498502502464,1.0000000000000004,100,0,2.8664536950567094
8.716285067200197,0.25,1.2722587344658955,15.125,100,0,3.242676485088673
16.967936982823858,5.0,7.062433370135362,93850.9999999999,100,0,92.48389758328344
9.999376615648233,0.5,2.0479252090721,141.00000000000006,100,0,10.514967666132502
0,0.0,0.9900498502502464,1.0000000000000004,100,0,3.3133119826165314
8.688736612324963,0.25,1.3220347789401397,15.875,100,0,3.183805496259124
9.580969505586332,0.5,2.50524982735108,129.00000000000003,100,0,9.492390324652266
10.872074279602467,0.75,2.7026574401720844,431.87500000000017,100,0,22.876521521400456
10.554267621415852,0.75,2.5206770177333824,271.0000000000001,100,0,16.959408704175395
11.283841159755287,1.0,3.7891983588493607,718.9999999999999,100,0,39.645708413121255
11.424984485426199,1.0,3.548332984772253,1089.0000000000005,100,0,35.54026747431231
11.400056337406163,1.25,3.7517244796388862,847.8749999999998,100,0,30.013397033336343
11.427983632907559,1.25,3.6929796670893236,810.3749999999998,100,0,34.69077378860762
11.681933300450849,1.5,4.698662920603144,2457.9999999999995,100,0,43.532875279508524
13.372986802019051,1.5,4.792535373026315,2844.999999999999,100,0,66.57716374146483
12.4576001671067,1.75,5.23086204007322,5170.499999999997,100,0,62.70438297974047
13.072902876945415,1.75,5.034867179589564,3657.625000000002,100,0,63.416142451913956
14.855099885012384,2.0,5.267439439493023,5744.999999999998,100,0,62.05349528463285
16.59389310547241,2.0,4.420835662542759,4392.999999999996,100,0,57.72000965218411
13.40441360641342,2.25,5.18446987969847,4000.375,100,0,62.98390048815563
14.949839418286137,2.25,5.765480712246191,12474.99999999999,100,0,64.74710039521199
13.87349208932654,2.5,5.786048176489509,8913.500000000004,100,0,52.32426449746228
14.857357487041014,2.5,5.639741620015865,9151.000000000005,100,0,57.56108550645424
14.295389500700185,2.75,5.983212310696733,15594.874999999996,100,0,59.6533685244431
14.076295432337952,2.75,6.200045385085031,22824.62500000001,100,0,78.52711137564582
17.816140442906253,3.0,6.39444853957942,27469.00000000001,100,0,68.74175768525811
15.702020848834383,3.0,6.282346411042194,25975.000000000007,100,0,62.624326696626234
15.353360345581725,3.25,6.516784178380812,38807.62500000005,100,0,77.18853071319279
16.442033836674547,3.25,6.255247172622335,19203.625,100,0,66.65009882478994
17.714374709295342,3.5,6.446877328793817,32193.999999999985,100,0,80.18504253428127
15.812862805511648,3.5,6.1716716308682145,17738.999999999993,100,0,86.33446884702899
16.16142756250795,3.75,6.0640575758765,17044.75,100,0,56.89537149783692
16.60651349000884,3.75,6.951480900441454,76416.62499999991,100,0,95.43870580673702
17.580356636537655,4.0,7.002232045013532,82528.99999999996,100,0,80.7078767982824
15.678192832093545,4.0,6.460230176774236,27873.00000000002,100,0,66.13907711379703
18.30781951577822,4.25,6.106837350441926,36451.125000000015,100,0,82.69691289779328
18.015414590048376,4.25,6.744267076790377,49492.25000000002,100,0,86.60874305176183
18.89544142823553,4.5,6.436413194317996,32360.5,100,0,70.00969495433861
15.98464263198421,4.5,7.034407226146216,80110.00000000004,100,0,83.1199093466224
22.112168304988035,4.75,7.224450594374348,121973.87500000006,100,0,89.83793624507508
21.021367122935676,4.75,7.229175821952703,118409.00000000006,100,0,112.83081633822184
17.19200755587327,5.0,6.711616941843838,50850.99999999997,100,0,68.12287225838371
0,0.0,0.9900498502502464,1.0000000000000004,100,0,3.090691922993752
19.002486761734968,5.0,6.836705849324012,64651.000000000044,100,0,72.92154802522569
0,0.0,0.9900498502502464,1.0000000000000004,100,0,2.494562237962662
8.671008935863169,0.25,1.6423080379667352,24.62499999999999,100,0,7.663999961211341
9.137754372346883,0.25,1.6550037518414236,24.125,100,0,5.742462000057847
9.782866554942812,0.5,1.6489575895942574,103.49999999999999,100,0,9.384158638952014
9.557508537192184,0.5,2.2733551552005618,89.0,100,0,9.148802734177178
10.154289356111063,0.75,2.9822707165280504,343.0000000000001,100,0,25.97009932782092
10.308317852948399,0.75,3.30475742359942,381.25000000000006,100,0,30.922456728138364
10.912952446006276,1.0,3.219704443153569,535.0,100,0,23.256114004159034
11.262807375887165,1.0,3.5099709890572135,561.0,100,0,32.865748502941955
12.807644346078678,1.25,3.9952774317941993,1282.2499999999995,100,0,40.652073409762295
12.002619912736243,1.25,4.526077250911121,2391.625000000003,100,0,44.144259398835636
12.669426471798614,1.5,4.4988177486969345,2052.999999999999,100,0,42.1533671817184
13.55805930764707,1.75,5.394255722047381,7001.874999999998,100,0,45.7543102161143
12.202552386728373,1.5,4.425558543949753,1279.0,100,0,54.285462812821294
13.497947266627698,2.0,5.599234338813204,7880.999999999999,100,0,52.195171625802
12.004987587996103,1.75,5.408258650339349,7154.999999999997,100,0,46.26340512711003
14.352141675596057,2.25,5.962294144932965,14601.249999999989,100,0,73.1510761384237
12.968916262265177,2.0,5.363726027342788,5192.999999999998,100,0,59.89338988842214
14.425864276746168,2.5,5.9143016608349,11151.000000000002,100,0,51.78934948975197
15.390026831692833,2.25,5.125123354016179,6440.500000000002,100,0,58.5863650373185
15.292236594795135,2.75,6.4209063510890445,34652.374999999985,100,0,74.56349397876824
14.929833301833018,2.5,5.056181810069784,10776.000000000004,100,0,51.015338400032334
15.762863577630831,3.0,6.031563215328408,14815.0,100,0,58.992455344804476
15.161366929423929,2.75,6.151394954531238,17500.625000000004,100,0,69.52133961736811
14.966930490127428,3.25,6.110580901534995,16901.0,100,0,59.135489194493275
18.138328501724963,3.0,5.865948985265927,13573.000000000004,100,0,75.91844584830861
15.968850170436479,3.5,5.97355281003167,32610.49999999999,100,0,62.281175969364874
17.835965735890962,3.75,6.5376537717458385,32991.62499999999,100,0,66.99676791073831
15.550807144643715,3.25,6.489888100457296,32132.125,100,0,92.44483797307845
17.536833355654537,4.0,6.451656138218013,34881.00000000001,100,0,63.29952594459835
17.711709358946244,3.5,6.386759471416265,24427.49999999999,100,0,79.96714661240338
16.201920646210976,4.25,7.106646931295974,100609.12499999999,100,0,96.06896564025762
18.199756508839258,3.75,6.421460783837528,31894.749999999985,100,0,69.14710969073478
16.80251081016166,4.5,5.925028974303177,39772.000000000015,100,0,67.88045440575797
17.948834837767592,4.0,5.945421912471686,41440.99999999997,100,0,87.29567689087453
20.59120408145288,4.75,6.951359159673916,63627.25,100,0,76.9972842325724
13.851552915706531,4.25,6.696700898723272,36053.75000000001,100,0,92.27005972568688
17.831302871336653,5.0,7.188242884685115,106800.9999999999,100,0,80.1252484433228
0,0.0,0.9900498502502464,1.0000000000000004,100,0,2.7186926415714923
8.737222165656947,0.25,1.5028854162006817,18.999999999999993,100,0,9.723253704751132
16.829507176789193,4.5,6.671690645960443,46697.50000000005,100,0,77.26636097623106
9.787021001979532,0.5,2.484087516981442,135.50000000000006,100,0,13.783069816536958
23.930143226181347,4.75,6.21050579816111,54511.999999999985,100,0,67.04508106397698
10.473268170650453,0.75,3.1537525941622193,347.50000000000006,100,0,36.33597358928175
17.560026299035833,5.0,7.246360165795233,120900.9999999999,100,0,92.98092710834825
0,0.0,0.9900498502502464,1.0000000000000004,100,0,2.7821995693317136
8.717396034290141,0.25,1.2857263071722855,16.874999999999993,100,0,6.124874905508387
11.42300648752816,1.0,3.8779671758011713,1015.0000000000002,100,0,41.577302612264226
9.59892133367515,0.5,2.4318710437203395,124.50000000000001,100,0,10.946751333601442
12.690392410974097,1.25,4.259757932193053,1844.7499999999998,100,0,36.86871263080053
10.177843613501455,0.75,2.5450111249197436,215.87499999999997,100,0,24.628621109558807
12.175859025567254,1.5,4.504399125052059,1778.4999999999993,100,0,41.95811889111808
11.755266097276975,1.0,3.9008575586947662,937.0000000000002,100,0,45.766445801045684
12.993618090070864,1.75,4.621461979677346,4196.625000000001,100,0,43.80375151770269
13.84368036843306,2.0,4.325684706380314,4776.999999999998,100,0,21.74074283667005
11.81076418096865,1.25,4.058529628085434,1016.6249999999998,100,0,46.767806945239926
14.385447281877155,2.25,5.7439057779449065,12150.999999999998,100,0,49.186987890487416
12.351912679775246,1.5,4.460709572837391,2588.499999999999,100,0,50.60418032205038
14.100164928626295,2.5,5.869475177383606,10176.000000000004,100,0,70.43471092631522
13.530530108184186,1.75,4.97227721155707,3749.499999999998,100,0,68.94322439152259
13.74228023426875,2.75,5.864422236234883,9060.875000000004,100,0,71.50662851236089
12.842752832814345,2.0,5.36498438380229,6056.999999999999,100,0,43.72568496283138
15.339058065994756,3.0,5.719104805068394,15931.000000000011,100,0,64.99212403209542
13.629617079172743,2.25,4.856612508158279,6673.375000000001,100,0,59.381299491307026
16.337086414910605,3.25,6.027146223468587,21949.875,100,0,75.00387297133602
13.654154813404933,2.5,5.841003250123133,11851.000000000004,100,0,70.65698579477534
17.115068793594645,3.5,6.516593532846168,29645.999999999993,100,0,97.98736187972041
13.828846546336447,2.75,5.890322453508804,12025.374999999995,100,0,76.90306034852439
15.477292393028678,3.75,6.746199144600715,49754.12500000003,100,0,83.88601735658496
16.14949378188566,3.0,6.166831798863528,15589.00000000001,100,0,62.131870241939666
18.851048949401275,4.0,6.577203403753646,40480.99999999998,100,0,73.82349192491625
13.404518911151527,3.25,5.892352220715443,9274.875,100,0,103.64170682523665
18.10418330231349,4.25,6.262056378122788,27745.000000000015,100,0,75.6004272050893
18.784706241670644,3.5,6.683673565560743,48486.499999999985,100,0,94.48395736149483
17.652171273729298,4.5,6.4456840228580745,45928.00000000005,100,0,74.25221459803609
17.95316111530612,4.75,6.23150823764243,27346.74999999999,100,0,77.30767856765695
15.580115359478107,3.75,6.938626250503802,76247.87499999991,100,0,86.59492996173317
18.255482666865,5.0,6.928746772670496,73100.99999999999,100,0,84.5865226454942
0,0.0,0.9900498502502464,1.0000000000000004,100,0,4.2076177929216065
16.676151360368046,4.0,6.356620401617904,36993.0,100,0,101.54693517922769
8.694706486180408,0.25,1.8006366401548808,36.5,100,0,10.032012410418474
16.51625646683998,4.25,6.748758895467469,41544.750000000015,100,0,92.3066943391389
9.623284987461398,0.5,2.3725593572647257,126.99999999999999,100,0,14.114898984374458
9.813354407794886,0.75,2.9601199569115346,248.5,100,0,15.231297422085271
18.325427305078556,4.5,6.952351766673991,68243.50000000004,100,0,96.18829985689453
11.280958234458717,1.0,3.256583435087312,595.0,100,0,33.50072845409028
21.971849512068278,4.75,6.802416392544269,57760.999999999985,100,0,90.05686465925262
11.329603791766411,1.25,4.843392853498425,2835.375000000003,100,0,41.879475356863516
20.311366350070884,5.0,6.435660710960381,41401.00000000003,100,0,60.768851769402474
0,0.0,0.9900498502502464,1.0000000000000004,100,0,3.381908706792819
8.69470648618041,0.25,1.4132076249258945,16.124999999999996,100,0,4.555372597585563
9.587530557348632,0.5,2.113289886004093,69.5,100,0,6.298437801176301
11.681933300450844,1.5,4.748600563580548,2772.999999999999,100,0,58.53460160740142
9.9014370693651,0.75,3.309656312087337,456.6250000000001,100,0,21.90381232507723
10.663856858139981,1.0,3.6211336320120937,474.99999999999983,100,0,31.75781618841216
13.819265218535538,1.75,3.094042154612474,3112.5,100,0,55.99956572037683
16.122033812242943,2.0,5.398472612482457,6392.999999999999,100,0,52.87233825253324
11.83890015923807,1.25,4.449399335439375,1419.7499999999998,100,0,58.8728731621168
13.177943550320233,2.25,4.917629257009643,3413.125000000001,100,0,46.15039605103785
13.444209196704241,1.5,4.608440384966283,2205.999999999999,100,0,38.60433253719687
13.638836201441144,2.5,5.724028063820955,10588.500000000007,100,0,46.74464375351752
14.285620256452251,1.75,4.466317766474614,4227.25,100,0,47.247681679904815
15.730147669027733,2.75,5.566864382608503,19587.875000000007,100,0,75.80279780637328
12.593200633563278,2.0,4.727166505951081,3944.999999999998,100,0,51.493576977058204
15.250505645329703,3.0,5.878755659550685,18073.000000000007,100,0,81.8106333964703
14.51137962545132,2.25,5.926510698222765,15532.749999999989,100,0,63.25821314376894
17.87906970990178,3.25,6.515678456276573,31139.250000000004,100,0,82.23302327912121
13.29817702117813,2.5,5.656798933865655,8413.500000000004,100,0,59.1988282685729
14.640686625580548,3.5,6.493728067099353,29572.499999999985,100,0,67.43460779212563
15.570393551903159,2.75,6.14494515928678,22839.750000000015,100,0,66.27548449161846
14.441772332136221,3.0,5.369767413019242,6462.999999999999,100,0,53.7869519411195
19.443438490296412,3.75,6.9896378677718545,83166.6249999999,100,0,108.22415794716295
15.563110422981088,3.25,6.137852964000941,16816.5,100,0,61.30801469578165
17.12312064184346,4.0,6.677060324907642,35905.0,100,0,72.47097846701365
17.24062241851344,3.5,6.620316100626081,37191.999999999985,100,0,63.80486409437685
17.619938364854107,4.25,6.554839508479527,32983.125000000015,100,0,83.50371189218167
18.599255247891413,3.75,6.936792992132787,76725.99999999991,100,0,77.22923185464498
27.364212213234687,4.5,7.198646549067269,118990.00000000004,100,0,82.36009579228778
17.91391931594343,4.0,6.730312623768467,44704.99999999998,100,0,65.48797935126733
18.16366881392054,4.75,7.216645331195149,129329.25000000007,100,0,75.03324280989993
18.783314160632052,4.25,6.848446549612213,58379.000000000015,100,0,96.1912574670392
18.26784022831595,5.0,7.258751039103758,132900.99999999997,100,0,68.27398810202943
0,0.0,0.9900498502502464,1.0000000000000004,100,0,2.477638956236891
18.397139234425197,4.5,6.863672519779785,52084.00000000005,100,0,60.69870253541787
8.660263109880338,0.25,1.419000621681234,15.75,100,0,8.545859041885212
9.564944188450225,0.5,1.900605769737618,78.0,100,0,11.982264196890341
19.78862500543529,4.75,6.685896042729854,41380.62499999999,100,0,69.5708015255676
10.013546785030721,0.75,2.737599703952554,224.875,100,0,18.74090155184266
19.553241635611897,5.0,7.060519793140023,80700.99999999991,100,0,73.94133110616194
0,0.0,0.9900498502502464,1.0000000000000004,100,0,3.2107963135896784
10.295212358223182,1.0,2.8105440715942014,460.9999999999999,100,0,20.63029181349175
8.6604789749496,0.25,1.367263431981038,14.624999999999998,100,0,5.497829296120223
9.639310119709656,0.5,2.6277654656577214,191.5000000000001,100,0,15.633656011662724
12.133515620149092,1.25,3.911627993618789,857.2499999999998,100,0,47.2449800558665
10.085930639959034,0.75,2.185086704317789,295.75000000000006,100,0,13.246087408496027
12.746747094325102,1.5,4.712209155857586,3672.9999999999986,100,0,49.780045227657354
10.985462482580036,1.0,3.2991453622732965,669.0,100,0,27.139506070845133
11.86704650662396,1.75,5.244183050240846,5531.874999999998,100,0,49.24075078767926
11.542503520353428,1.25,3.612557592151013,857.25,100,0,35.23775451464684
14.735897526058455,2.0,4.849164421649601,2336.999999999999,100,0,46.522565982914585
12.975656304563795,1.5,5.080894490807032,4546.000000000002,100,0,38.6242691582224
15.421678408744727,2.25,5.396606868915281,6713.875000000003,100,0,50.21955002392975
14.292859347769346,1.75,5.041253419085032,4123.125,100,0,51.575230679871886
15.942392672807472,2.5,6.168426369744813,20613.499999999978,100,0,66.19769744850943
14.53444419453035,2.0,5.6567456200448785,9993.000000000002,100,0,71.72511993580997
13.322689198655414,2.75,5.264195027616367,5173.749999999999,100,0,68.59806098928792
14.3575764067241,2.25,5.4406243204747105,7473.250000000002,100,0,64.00126327972418
15.273774521561158,3.0,6.362713978023339,26983.00000000001,100,0,70.00575988834844
14.283946588698626,2.5,4.8427658030005665,6388.500000000002,100,0,55.724365223464254
15.363889670435894,3.25,5.852765282203917,40603.25000000005,100,0,60.72427427017612
14.908386500169348,2.75,5.446977644733945,6580.375,100,0,69.60788162735545
14.275406231809587,3.5,6.757121259818047,53067.99999999999,100,0,86.33718500942123
15.769530612557773,3.0,6.022440294222417,19135.000000000022,100,0,75.28535893722744
15.447521464375951,3.75,6.480037729749344,29672.87499999998,100,0,76.88853767251807
17.648887438138143,3.25,6.363123394765855,21802.0,100,0,58.18676614767146
19.921195296735927,4.0,6.156216686324142,23297.0,100,0,84.8651572458636
16.49057770357124,3.5,6.547775075121615,37730.99999999999,100,0,66.60396161937335
16.6517129407295,3.75,6.646309517342546,39460.37500000004,100,0,55.03990773123482
15.266564582956356,4.25,6.780710721576676,50828.875,100,0,82.92948237989106
20.904491591944954,4.5,6.4859819793010605,46900.00000000005,100,0,88.99294023408375
18.43639386250842,4.0,6.617901610328205,43712.99999999997,100,0,100.35637808140939
19.797152385708877,4.75,6.903914100799488,65432.24999999999,100,0,90.82787330154886
16.726641548024954,4.25,6.796428033612313,47975.000000000015,100,0,88.86983442163863
16.698838288029673,4.5,6.9264343725516655,63100.00000000005,100,0,81.04639582610554
24.56244205341144,5.0,6.971361214366145,82050.99999999999,100,0,90.49058318500047
0,0.0,0.9900498502502464,1.0000000000000004,100,0,3.910514032712159
8.678698561846621,0.25,1.4562454421428583,18.624999999999993,100,0,4.283078588973441
16.870913686856362,4.75,7.084027405730666,98283.25000000004,100,0,71.4434004330549
9.626489855322289,0.5,1.9532401334897698,67.49999999999999,100,0,7.4655858467446725
15.62650252505685,5.0,7.063112675670973,85100.9999999999,100,0,101.64750894929928
10.334050968405052,0.75,2.9653007027953318,262.00000000000006,100,0,26.17705626500141
0,0.0,0.9900498502502464,1.0000000000000004,100,0,3.2077830863887846
10.903738109418462,1.0,3.8462888534750106,808.9999999999999,100,0,17.593984167908555
8.109010118116233,0.25,1.3439413274156158,12.625,100,0,6.114556875060622
9.78452254728203,0.5,2.8767851106331923,198.00000000000014,100,0,15.797047546012188
12.0424561227287,1.25,4.347339455578845,1375.9999999999998,100,0,37.04170525965699
10.236627022110905,0.75,3.3948521875944166,366.6250000000002,100,0,15.816622497696274
11.607792351239432,1.0,3.4125715702662482,627.0000000000002,100,0,12.815474639221627
13.238531927968788,1.5,4.429964902989525,2561.499999999999,100,0,31.70724258542412
14.367672810637101,1.75,5.064273220809142,3841.375000000002,100,0,40.06220762580328
11.194516174211781,1.25,4.908873762195818,3266.6250000000027,100,0,70.87901678683487
12.11664871164094,2.0,4.728185005551301,4408.999999999998,100,0,50.69404104913583
12.679160287843642,1.5,4.623557347299728,2214.9999999999986,100,0,57.227578966016836
13.626064469488375,2.25,5.218802969513985,5023.0,100,0,71.24856504490707
13.657465442707524,1.75,4.971310063240329,4270.124999999999,100,0,37.93348887512589
14.719006540368058,2.5,5.790044613174641,9588.500000000004,100,0,64.39432163575975
12.920820493674098,2.0,5.344228871728778,7344.999999999998,100,0,62.90741923940593
14.302061684531589,2.75,6.000588520335606,13235.374999999995,100,0,78.49554519006146
15.526109237309123,2.25,5.791391342579675,10925.874999999998,100,0,81.78802519014842
15.609698229162682,3.0,6.316814994025742,23167.000000000004,100,0,64.70437651774441
14.062268411203384,2.5,6.07397649913566,17376.0,100,0,86.80366786152939
16.28900696521552,3.25,6.305084035792685,24590.499999999996,100,0,62.17268629457092
16.539757618190215,3.5,6.8302493680332885,60001.499999999985,100,0,63.801773574656764
13.707655623040353,2.75,5.684218228383968,11284.250000000004,100,0,81.16321531244162
16.56344793897639,3.75,6.9617178329650695,78497.8749999999,100,0,61.15957964071873
15.706453786692457,3.0,5.372349537193914,21529.000000000007,100,0,72.12710423571369
17.251810979149052,4.0,6.916306936344929,66112.99999999997,100,0,80.90970996437028
15.858794885170727,3.25,6.154685142084395,19985.25,100,0,92.67571286602566
17.711757725492564,4.25,6.314227919798206,20953.499999999996,100,0,102.29864333515849
16.003287323360066,3.5,6.628261786551804,37363.49999999999,100,0,96.36355468697394
20.267549992987494,4.5,7.003941810110761,72131.50000000003,100,0,90.95154349390538
16.77920523378424,3.75,6.694885206430823,45226.00000000004,100,0,78.59383824849627
18.9484761870007,4.75,7.2824856042399855,139617.7499999999,100,0,84.59630539479338
16.131594559685823,4.0,6.5225491040147086,47777.0,100,0,69.3644841665865
21.112825974586357,5.0,7.177379470450442,102400.9999999999,100,0,87.01065551988007
0,0.0,0.9900498502502464,1.0000000000000004,100,0,2.8682134053910273
8.66452536416785,0.25,1.2139255829127007,11.625000000000002,100,0,4.73992460803663
18.158047693558373,4.25,7.071619642272838,88543.37499999999,100,0,93.28028215063296
9.782135654512112,0.5,2.0860047585451262,79.49999999999999,100,0,13.166481854155622
19.714322659133362,4.5,7.116498193366226,97039.00000000003,100,0,85.85373576542439
10.48071478797959,0.75,2.4415336607893448,362.1250000000001,100,0,19.586326715589983
11.213493577184627,1.0,3.5984574639190785,779.0,100,0,23.804222677952062
19.790020117127728,4.75,7.094077627455037,91108.37500000009,100,0,81.95676606416677
18.03289229229248,5.0,6.689341448663863,32850.99999999999,100,0,94.18383850848984
12.31614358652506,1.25,3.632129081403384,950.9999999999998,100,0,50.48664838742394
0,0.0,0.9900498502502464,1.0000000000000004,100,0,3.3196698552370583
8.682271184843922,0.25,1.299717484917008,12.500000000000002,100,0,3.917522891138517
12.153861037464917,1.5,4.861644367558227,2489.499999999999,100,0,43.50634503101198
9.656144530037658,0.5,2.0658960454392763,114.5,100,0,14.117091189599082
14.765943502666154,1.75,4.604915531030406,3516.7499999999986,100,0,24.155611567062948
10.194540392611625,0.75,3.1081206457442874,329.5000000000001,100,0,8.536113653469014
10.833637543696254,1.0,3.812346668739617,825.0000000000002,100,0,28.983785094281092
14.848954429548575,2.0,5.775073577650132,12040.999999999998,100,0,65.4600035502883
11.257629455413106,1.25,3.947302024067292,1122.8749999999998,100,0,36.96929621856353
14.582031692322257,2.25,5.394007958970747,6238.000000000002,100,0,56.27242565342457
12.48160081861267,1.5,5.152875759679292,5086.000000000007,100,0,59.48252668500217
13.807552657831977,2.5,5.730111958582565,11201.000000000004,100,0,66.11382194272275
12.367876185386379,1.75,5.1930063267068425,5213.374999999997,100,0,63.50735087246598
15.776223477181823,2.75,6.228979592607647,22612.87500000002,100,0,84.08550336922417
15.453506441251491,2.0,5.6324663800121115,10057.0,100,0,74.05201460432569
21.866597403593957,3.0,6.442935659180831,31375.00000000001,100,0,76.80754065645047
16.23573829676252,2.25,5.525987689951581,6855.625000000002,100,0,56.486042030363116
21.372741302116747,3.25,5.947769638882979,44638.12500000006,100,0,59.93766181882685
16.693663528714445,3.5,6.770561127607768,56644.99999999999,100,0,69.85967527394303
14.304066625707733,2.5,6.179023112985607,22013.499999999975,100,0,80.07763026606773
14.430063786388134,2.75,5.3735262147232,10739.750000000002,100,0,48.487167360083475
20.424311999942297,3.75,7.0203242172734965,89607.2499999999,100,0,103.74626394910685
14.216083537695226,3.0,6.264440537415097,26407.000000000007,100,0,61.0161603475228
18.698035367008856,4.0,6.822341127915782,63392.99999999996,100,0,81.90033323422516
14.825212344844454,3.25,5.991975387931639,13373.124999999996,100,0,78.1330990602506
18.800885260424177,4.25,6.634151298885268,50323.125000000015,100,0,92.45735163596898
20.082789847965294,4.5,6.69356228561349,44753.500000000015,100,0,63.18187798368172
15.191472648489468,3.5,6.702144792114671,50250.49999999999,100,0,101.37445272168506
20.805345244969313,4.75,6.773036445282755,63536.99999999998,100,0,59.90748922812073
15.582606026744878,3.75,6.737010335475295,50091.62500000003,100,0,58.79710104133428
17.97389908729538,4.0,6.894406038470946,66624.99999999997,100,0,73.55229129470601
16.94118487156196,5.0,7.226162524411808,119550.9999999999,100,0,108.92207132565235
0,0.0,0.9900498502502464,1.0000000000000004,100,0,2.9256214031860486
15.746027123354608,4.25,6.7542476554802,49925.75000000001,100,0,69.47455662131108
8.672815706302467,0.25,1.4559584716053013,16.874999999999993,100,0,5.958707135008042
9.991472329267873,0.5,2.425960589273394,123.49999999999999,100,0,15.649786231954497
18.21935672521569,4.5,6.279812672851596,32927.500000000015,100,0,74.24643494375174
9.892086209688902,0.75,3.3597273027886168,367.7500000000002,100,0,24.708403662507603
18.96428102960127,4.75,6.613205936519196,59024.49999999999,100,0,78.6487555909526
10.885851206778572,1.0,3.689714210667592,463.0,100,0,28.672858445000962
20.88542243721587,5.0,7.267565676689585,130750.9999999999,100,0,61.92807326125857
0,0.0,0.9900498502502464,1.0000000000000004,100,0,3.341085858945298
8.70762169316311,0.25,1.417353828709186,19.124999999999993,100,0,4.7618654414278545
9.635755390890631,0.5,2.426982501204356,89.0,100,0,10.712201841822367
12.577808766376503,1.25,3.2290421597219803,1057.2499999999995,100,0,44.632031317960056
10.454980585827844,0.75,2.8271848521108462,318.25000000000006,100,0,24.210378765800623
12.444643473021626,1.5,4.21528189086956,1764.999999999999,100,0,48.73593612644452
11.91937192202589,1.0,3.7129416717607215,561.0000000000002,100,0,23.735633476227857
12.508975432173715,1.75,4.333354636156529,3676.000000000002,100,0,53.407233877709565
11.216106879384558,1.25,3.9492959166988473,866.6249999999998,100,0,42.13724595133478
14.189025949508931,2.0,5.187780948880424,5440.999999999998,100,0,54.79547561682349
14.391995329449603,1.5,4.362955596209601,2070.9999999999995,100,0,48.792508470051274
14.822634198348352,2.25,5.942017851885385,15006.24999999999,100,0,55.07850137452208
12.911980434671857,1.75,4.242471651402365,2444.875,100,0,42.345371126624705
15.418459008861937,2.5,5.923381618726131,14188.500000000004,100,0,61.10287707236534
13.291836703867842,2.0,4.857333503349903,6193.0,100,0,53.566338633138706
16.983817334544003,2.75,5.89838035145131,12267.374999999993,100,0,58.09107797468876
18.2941630423415,3.0,6.156406792356198,16597.000000000007,100,0,69.07903045616922
14.505558740122211,2.25,5.625075917570234,9670.374999999989,100,0,69.14570250317438
14.625689013492696,3.25,6.474493393277996,26914.25,100,0,61.40923865437318
15.230433232927467,2.5,5.930639368325008,12851.000000000005,100,0,65.04609570472543
18.702344746777804,3.5,6.112664461384025,30552.49999999999,100,0,42.44787398045358
14.05075166729417,2.75,5.940479540821543,11768.249999999996,100,0,62.329713875695255
17.0350544264391,3.75,6.683859768936445,40726.000000000044,100,0,91.53829426489773
14.909156289148426,3.0,5.877519950695692,10837.0,100,0,70.68187051449168
19.5472741834727,4.0,6.805684270935324,52224.99999999998,100,0,62.719085471594354
17.131461607626587,3.25,6.650440812887278,47701.25000000005,100,0,82.05048995147548
16.956240639855643,4.25,6.851940500994776,55200.000000000015,100,0,85.81131309635106
21.98113686284776,3.5,6.7504563326599065,53974.499999999985,100,0,68.88843494571515
16.813889969114072,4.5,6.3681495763981175,32360.5,100,0,62.02879123263753
18.934554703018446,4.75,7.043046820853666,86189.75000000009,100,0,74.64379730086642
17.133686399243206,3.75,6.6155893865712825,34144.74999999999,100,0,98.6723667208977
17.577077601004014,5.0,6.987921057260804,67951.0,100,0,74.96384363147043
0,0.0,0.9900498502502464,1.0000000000000004,100,0,3.2278759123545204
8.150920563347745,0.25,1.2566961792648519,14.125,100,0,5.749145401907698
17.939361436196748,4.0,6.454826466146155,55936.99999999997,100,0,117.59448002336185
9.649292754757749,0.5,2.3073996144479265,102.5,100,0,10.947792546018945
10.085930639959033,0.75,2.7426803268018016,258.62500000000006,100,0,18.151440583401925
17.660111628909547,4.25,6.504182859031663,34536.500000000015,100,0,93.417956553767
11.693149233509963,1.0,3.5413438370622656,597.0,100,0,24.34293094135592
18.863160716330277,4.5,7.075408534338164,91450.00000000001,100,0,72.67133503087821
10.937739963692593,1.25,3.7604879036861134,819.7499999999998,100,0,18.376224779764563
18.17392931240235,4.75,7.270128544035954,143543.62499999988,100,0,91.34719682902063
12.546652670807546,1.5,4.378915672252827,2043.9999999999989,100,0,46.81974427188474
17.576678628319232,5.0,7.244034699348533,117550.9999999999,100,0,67.76589131697256
0,0.0,0.9900498502502464,1.0000000000000004,100,0,2.792450388265328
8.708493429518855,0.25,1.310206156376194,13.375,100,0,5.06935138518915
12.322149037278365,1.75,4.82203616787727,2934.874999999999,100,0,57.16495041564821
9.627607088057717,0.5,2.733664218396954,184.50000000000006,100,0,18.039503397369575
13.188174075826225,2.0,4.998309153236108,3016.9999999999986,100,0,51.64227430803495
13.76901879531222,2.25,5.613033145325358,8303.499999999998,100,0,60.95113641871989
10.103490782648757,0.75,3.4743719174948215,547.75,100,0,57.265014913202464
15.4375195125767,2.5,6.0578527111984855,18875.999999999978,100,0,56.19324740533972
10.731049713223113,1.0,3.778011022861273,731.0000000000001,100,0,29.150340953282363
11.608274228613746,1.25,4.710530576121195,2666.6250000000027,100,0,39.21751602440753
13.93767294830726,2.75,6.124111141194347,22945.62500000001,100,0,87.22764086074072
12.358483982319143,1.5,4.764889273603762,2489.499999999999,100,0,39.65334229403189
14.066609174078925,3.0,6.2968706602530355,25705.00000000001,100,0,81.11712209977748
15.56372247240083,3.25,6.399938957809973,25794.625000000004,100,0,79.27972915660128
12.364429856341046,1.75,5.170553620040507,4931.624999999996,100,0,69.42383469483674
13.14856670719559,2.0,5.231523244836687,4929.0,100,0,56.65507295658559
15.044799280826892,3.5,5.65346198119091,13353.5,100,0,60.27315708069647
15.50704084647489,2.25,5.964057764393751,15289.74999999999,100,0,59.696329297991866
17.964214786162348,3.75,6.649357563030778,38194.74999999999,100,0,53.33978681669587
16.239352921671365,4.0,6.260264501050132,20512.999999999996,100,0,77.60105288891809
15.593503645686551,2.5,5.998386669926703,20000.999999999978,100,0,83.94732700437356
18.478783898318166,4.25,6.770125887851024,59787.875000000015,100,0,78.26138533494311
14.588924191344342,2.75,5.669956486142463,10633.875000000002,100,0,46.33817049003565
16.455605200245955,3.0,6.442142927038509,30907.000000000007,100,0,57.710995859947346
17.40969953022016,4.5,6.937636582468619,65935.00000000004,100,0,79.1328550717812
16.882345435410894,4.75,6.146700374923399,61461.249999999985,100,0,65.9956272597707
14.666608260149683,3.25,6.305350687014943,26702.999999999996,100,0,68.66150974206646
18.00160308100125,5.0,7.016626553679261,70501.0,100,0,83.00178398399645
16.65303446249608,3.5,6.505858332859138,37216.5,100,0,77.8872045890217
0,0.0,0.9900498502502464,1.0000000000000004,100,0,3.0214396144734144
9.1377451159621,0.25,1.5569438953782053,25.249999999999993,100,0,7.223743330713379
9.61213842287406,0.5,1.9314062412326545,83.5,100,0,5.6455681781246145
14.709637416662286,3.75,6.933778697959911,74250.99999999991,100,0,73.80032334545645
10.145241852614747,0.75,2.368685432491423,247.37499999999994,100,0,15.03703584753294
11.094753120841672,1.0,3.8315960143942607,722.9999999999999,100,0,25.359777801404615
15.335768069895135,4.0,6.61799403430137,36225.0,100,0,95.91484678105118
12.021816891732122,1.25,3.8084332213530643,691.625,100,0,20.056548288589628
16.803314229025954,4.25,6.532856310738666,30598.875000000007,100,0,79.95582412314417
12.991846298565944,1.5,4.558014597683685,2043.9999999999995,100,0,38.92431567444597
17.91062012807042,4.5,7.0161177546434725,78409.00000000001,100,0,93.13975301779885
12.106811615776703,1.75,4.812142719014983,3198.25,100,0,50.472290102540065
19.000721842687522,4.75,7.058937078353512,76126.8750000001,100,0,95.21774498905589
14.557377624557157,2.0,5.557964519188518,8720.999999999998,100,0,92.19628482014909
22.065713094998042,5.0,7.312060461499057,155001.00000000012,100,0,92.99056050524229
0,0.0,0.9900498502502464,1.0000000000000004,100,0,3.8676815195922365
8.714897521564431,0.25,1.3939190232076475,19.374999999999993,100,0,6.302275675782096
14.368017211034775,2.25,5.227864849631058,5721.625000000001,100,0,60.623310667573406
9.591689256611424,0.5,2.025322004046721,71.49999999999999,100,0,13.934933663123566
14.284619197378944,2.5,4.986778687742022,7263.500000000004,100,0,53.58100139939852
9.828219637856055,0.75,2.945682046815133,293.5000000000001,100,0,27.212074873324777
15.285205593435897,2.75,5.48414757325792,8471.000000000002,100,0,70.38682672289326
16.45167318898425,3.0,5.78865874967498,14221.000000000005,100,0,81.14938263531126
10.395525901782499,1.0,3.7250786394565547,667.0,100,0,65.8205032450281
14.603070821164579,3.25,6.526768608539231,32427.874999999996,100,0,72.60646856095671
13.83096181643369,1.25,4.139967605230743,2544.750000000001,100,0,36.85636973855994
20.73230138307693,3.5,6.505635086363166,33026.999999999985,100,0,59.40667904026545
12.502763504425355,1.5,4.579411402728528,3303.999999999999,100,0,66.30031044624613
19.118480592802847,3.75,6.731772112417554,51976.00000000004,100,0,67.48952970608987
12.576820990881668,1.75,4.771978612730701,3498.375000000002,100,0,51.48636900628831
15.995558838717898,4.0,5.880750614467352,30593.000000000022,100,0,76.0033531615598
15.613396174539911,4.25,6.787793439725437,48733.625000000015,100,0,66.92812523719402
15.418527613415142,2.0,5.5755446043134285,8785.0,100,0,69.48702183301305
14.365936290657109,2.25,5.676284860423453,10773.999999999989,100,0,42.88881400101052
17.40969953022017,4.5,6.686055969548224,41230.000000000015,100,0,95.06015481654153
12.897480175853472,2.5,5.794857191678688,11313.500000000004,100,0,67.30865375194007
17.504443734790296,4.75,7.205407942518226,113896.50000000007,100,0,95.2715662637193
14.290363258482559,2.75,6.354513982143711,28904.87500000002,100,0,73.83833461889053
16.89951774151546,5.0,6.792768807835421,47451.0,100,0,74.29425662063963
0,0.0,0.9900498502502464,1.0000000000000004,100,0,2.5800114109529266
8.723977270142262,0.25,1.2824421400130201,15.75,100,0,4.836412974862718
14.46142272087237,3.0,6.293004612182287,19909.000000000007,100,0,88.09828687891651
9.781576196809517,0.5,2.4250680841311345,106.5,100,0,11.155878779144643
9.884928532539382,0.75,3.117646001227164,257.5000000000001,100,0,15.526121194718682
16.21143617150816,3.25,6.633797947450234,45926.750000000044,100,0,84.01271417023611
11.681287567144915,1.0,3.765943208117586,782.9999999999998,100,0,49.37460836833512
15.8036243817738,3.5,6.46118184691471,30086.99999999999,100,0,101.8106686921656
12.022464688317887,1.25,4.028417093278458,947.8749999999998,100,0,24.66961590762764
16.248840786946037,3.75,6.81178096627586,61735.37500000004,100,0,73.73338125985218
13.555259660454697,1.5,5.038696777203343,3713.5000000000005,100,0,76.90501899233655
17.280769842430914,4.0,5.717234074521838,16545.00000000001,100,0,69.44478309531922
13.58903204101641,1.75,4.801245447277,2353.0,100,0,20.040384291838024
15.725374999171787,4.25,7.056654547965657,87965.375,100,0,71.6480102665002
12.201159086179064,2.0,5.071281327768062,5600.999999999999,100,0,76.91826753080645
18.108113649807258,4.5,7.264310185289326,134906.50000000003,100,0,95.09361631567131
13.450465594297823,2.25,5.849585338306174,10409.49999999999,100,0,56.25366451893822
19.63061774118427,4.75,6.98270114557547,72697.375,100,0,71.16528510079432
18.232992030047313,5.0,7.278021568316634,146801.00000000012,100,0,74.13708562017992
16.11404479048504,2.5,6.088382222145599,18838.499999999975,100,0,69.29200975076849
0,0.0,0.9900498502502464,1.0000000000000004,100,0,3.1855854924309948
8.140049910984601,0.25,1.298755352683872,13.25,100,0,4.122010981725066
14.277627112261195,2.75,5.948406103907073,15534.374999999998,100,0,69.16764567874111
9.617125216888642,0.5,2.6429983617517094,146.00000000000009,100,0,20.313962746774212
17.030277082977726,3.0,5.970491278436271,13555.000000000007,100,0,64.39139989237601
10.352052982859709,0.75,3.155413512743548,316.0000000000001,100,0,26.21377519825623
19.47726751809555,3.25,6.508113830825436,41110.25000000005,100,0,77.19267619070253
11.670256094681788,1.0,3.174708462532789,597.0000000000002,100,0,50.51425577672087
15.464708851473985,3.5,6.2675383865429195,23349.49999999999,100,0,56.28427231379406
12.525148275385186,1.25,4.182701279086861,2160.3750000000005,100,0,47.30560132655742
19.399788588670745,3.75,6.753695708562519,59063.50000000004,100,0,66.77805331133308
11.673479903031458,1.5,5.256520711917275,5990.5000000000055,100,0,53.916361516218174
16.70939999416626,4.0,6.523694161696393,27617.0,100,0,87.15501924598914
17.40611425570362,4.25,7.003027552657976,73985.0,100,0,82.6851772088047
13.217659739839991,1.75,5.6352922847388545,10597.250000000007,100,0,63.40121186228769
20.542116864793545,4.5,6.776978390828864,50018.50000000005,100,0,85.19103721801966
14.035272684075514,2.0,4.797166979427638,2993.0,100,0,53.53846648061111
13.627459563066221,2.25,5.3180821391215805,7139.125000000002,100,0,47.94483640575885
19.96431164982928,4.75,7.131582778897801,93590.25000000009,100,0,102.71788693773748
14.159977442780264,2.5,5.998132113412928,16538.5,100,0,74.63526902195106
23.52252021743627,5.0,7.293757951767335,138151.00000000012,100,0,89.38256564917438
0,0.0,0.9900498502502464,1.0000000000000004,100,0,3.124086340748921
8.678867567882936,0.25,1.1823553030607596,15.75,100,0,5.117699640932777
9.559725142558177,0.5,2.1297593501966054,89.5,100,0,16.357399720986635
16.30194974532619,2.75,6.31028575069357,32928.125,100,0,82.30908560616722
10.699295622039593,0.75,2.974884144954666,250.74999999999994,100,0,20.266413744147375
14.340766411393469,3.0,6.333144538338337,21277.00000000001,100,0,90.90140858549218
10.258526556276134,1.0,3.2563041862479407,485.0,100,0,21.542968762257832
11.025239857746667,1.25,3.697688190454954,944.7499999999998,100,0,26.200608299743067
14.508992513696116,3.25,6.3412030047067125,24590.49999999999,100,0,75.0741779231908
13.274118259374388,1.5,3.5567429484980813,1499.4999999999995,100,0,37.692023882031314
14.638175456623246,3.5,6.581601959724195,35109.49999999999,100,0,100.3763173848044
12.182303721556082,1.75,5.070294207152438,3357.500000000001,100,0,55.678108172201995
16.071927497016482,3.75,6.278268242226765,23035.375,100,0,70.58157587157761
12.953173846609301,2.0,4.984241562225619,4056.9999999999986,100,0,47.21869108711764
19.50984148447094,4.0,6.428192432509403,37633.00000000001,100,0,99.6714801359406
13.652909481063903,2.25,5.906153737206076,13365.99999999999,100,0,67.82469148995436
18.334738708466556,4.25,6.254688571875251,22832.000000000004,100,0,89.86098283549542
15.726192845138005,2.5,5.856028597380494,9626.000000000004,100,0,69.22511836700532
20.712889417347487,4.5,6.5977568169359,71159.50000000006,100,0,79.56522834125718
14.679852113643522,2.75,5.6531394125586525,8697.875,100,0,87.18243599501193
17.582473375170224,4.75,6.7925133010126295,53699.749999999985,100,0,77.33356522065708
18.77783998630622,5.0,6.720266431794203,45801.0,100,0,86.30221505333094
0,0.0,0.9900498502502464,1.0000000000000004,100,0,2.9553051183266503
15.97478979930717,3.0,5.918086186957817,14941.00000000001,100,0,91.78687998498303
8.713084846639603,0.25,1.3415347635374049,19.624999999999993,100,0,8.60557387258892
9.61785095550772,0.5,1.754322547264202,97.5,100,0,12.399990691480916
16.45079470335839,3.25,5.982863340210529,17408.0,100,0,84.83892859239054
10.872074279602467,0.75,3.5492192611533118,505.0000000000001,100,0,24.783481143034596
16.491467140698656,3.5,6.801657742419155,57575.99999999999,100,0,84.5546918155299
11.07920898003986,1.0,3.1432820196405866,555.0000000000002,100,0,24.29811014283424
19.509939742798636,3.75,6.9010310161087665,71550.99999999991,100,0,78.22151011558765
11.777632250600318,1.25,3.8228163007891194,1022.8749999999998,100,0,40.02552478618695
13.119800899052745,1.5,4.238080136555674,1665.999999999999,100,0,26.785072833320626
16.691109240152574,4.0,6.5435164978497316,33088.99999999999,100,0,75.48915740079582
17.715787509630108,4.25,6.584200992267868,25505.250000000015,100,0,72.26847341646675
13.558773202693958,1.75,5.469907374746983,8355.5,100,0,79.2478206805627
19.301190675753006,4.5,6.737045891521146,46576.00000000001,100,0,86.53985519917536
14.136021740766806,2.0,5.369789387093663,5897.0,100,0,51.05344603429896
17.899946749443796,4.75,7.041330602044094,79060.00000000004,100,0,86.00194430546242
14.937860460435436,2.25,6.012598153864396,16130.124999999993,100,0,70.13798514924515
19.347945878458145,5.0,7.111304854364717,88650.9999999999,100,0,97.2107741504416
0,0.0,0.9900498502502464,1.0000000000000004,100,0,3.4342562190344883
15.607764321699426,2.5,6.125890722260016,17775.999999999996,100,0,73.50684511180322
8.665619025704094,0.25,1.3739580426673763,16.874999999999993,100,0,4.9870127440372585
9.781482526970928,0.5,2.1899519318826397,116.5,100,0,8.230906121805043
16.07118381797247,2.75,6.036452347463491,18680.37500000002,100,0,73.59495677960898
9.980229190995274,0.75,2.6775515058238053,319.3750000000001,100,0,15.876476651337294
15.75252122863214,3.0,5.701837967523056,19711.000000000007,100,0,68.60959367871605
11.043798297881644,1.0,3.474064080040444,564.9999999999999,100,0,34.42966387944636
16.368405682235117,3.25,6.616686771380919,40011.75000000006,100,0,73.02936238649491
11.710153054496503,1.25,4.387624055447573,1488.4999999999995,100,0,35.35637484897523
18.00015969795607,3.5,6.370826870540535,24794.99999999998,100,0,83.01424025977896
11.995634993159973,1.5,4.989509616415163,3659.5,100,0,66.15538389330459
18.10951628306117,3.75,5.988474828594423,31754.124999999985,100,0,75.92561701115909
14.33814975769114,1.75,5.280803476823223,5201.125,100,0,48.38657317462981
16.236218225967423,4.0,6.7952433917898905,49376.999999999985,100,0,85.76529412263473
13.146771688294502,2.0,5.496563545462392,8113.000000000002,100,0,68.93949984187772
18.78877734913772,4.25,7.133989794086638,106208.5,100,0,121.85976501247922
13.633684224611745,2.25,5.660869775291761,9022.374999999998,100,0,69.61389985302891
18.39515404499378,4.5,7.074889077484195,96634.00000000003,100,0,91.1966243104363
13.447914178910318,2.5,5.42084103798845,6976.000000000003,100,0,62.61221032206626
22.120827047427763,4.75,7.306861934092791,143724.12499999988,100,0,83.4606970791784
14.4466215215734,2.75,6.339860507391386,29131.75000000002,100,0,77.92827278400297
18.345454294151335,5.0,7.243705529944709,116200.9999999999,100,0,86.26888150547882
0,0.0,0.9900498502502464,1.0000000000000004,100,0,2.8141603055656588
8.661324996009196,0.25,1.3114801806272263,19.249999999999993,100,0,6.1605920567451244
14.311724005565054,3.0,5.990615537450324,9811.0,100,0,89.25097828622546
9.542433059479363,0.5,2.494873905733814,105.99999999999999,100,0,20.431750690850862
15.407973749852008,3.25,6.428063108080456,31920.874999999993,100,0,83.06123531422774
10.607408013269906,0.75,3.02311374843663,249.62499999999997,100,0,21.554584535108628
17.07007790112502,3.5,6.411620177668064,25578.99999999999,100,0,71.77533516361001
11.084188594498697,1.0,3.204016778139125,505.0,100,0,28.608323179393473
15.340474494080183,3.75,6.516457409914216,31782.249999999978,100,0,99.56261570890042
11.376638293299518,1.25,4.376010332679606,1685.3749999999998,100,0,44.976753666028834
19.932682240180167,4.0,6.641683648771397,46336.99999999997,100,0,80.9020951108842
12.516774001307404,1.5,5.023983662476618,3812.5,100,0,62.31282658495518
20.617725166888988,4.25,7.122049014005924,102523.74999999999,100,0,92.3307023966646
11.723490194381741,1.75,4.98650233186757,3865.875000000001,100,0,49.05132451276133
16.721007859384528,4.5,6.854258117324963,50140.000000000044,100,0,97.70968459738702
14.634635337298867,2.0,5.3955257439176885,6489.0,100,0,54.682312992033964
14.819694748277813,2.25,5.144602448999038,5995.000000000001,100,0,30.018910053946083
16.34013015506284,4.75,6.75535254956479,62228.374999999985,100,0,63.33015166701427
22.334443913203753,5.0,7.289308128385515,132100.99999999997,100,0,74.85793562873361
0,0.0,0.9900498502502464,1.0000000000000004,100,0,1.61989177034574
12.270594335164583,2.5,5.633794538941694,9238.500000000004,100,0,98.04988609771131
8.683691322603568,0.25,1.25908930857623,16.0,100,0,7.2577678651097814
9.78571906323305,0.5,2.2077433482711832,100.99999999999999,100,0,13.116188272149321
14.669720498973872,2.75,6.200699601765543,26605.875000000015,100,0,73.42039669446307
10.331708469023624,0.75,3.030096050610027,335.125,100,0,22.54580585465552
14.399991327924232,3.0,5.782583108797041,17569.000000000007,100,0,77.54497732171274
12.19394803038163,1.0,3.62891155186594,732.9999999999998,100,0,48.06652466140412
18.366578423276135,3.25,5.586320858518123,20597.875,100,0,78.49542981422238
12.12755411277541,1.25,4.043440194543588,1094.75,100,0,34.66060507344725
14.790792298583483,3.5,5.4976901229233395,14529.499999999993,100,0,60.91880812397923
12.330828153309165,1.5,4.126060328565158,1409.4999999999995,100,0,32.617498141825685
21.63448796475121,3.75,6.710714824284065,46801.00000000004,100,0,91.96636596169635
12.752799064842934,1.75,4.973797609057408,4282.375,100,0,46.48524727006732
14.272154227140794,2.0,5.338537907313435,5720.999999999998,100,0,56.48695165891832
17.15360481621949,4.0,6.599931059520694,40993.00000000001,100,0,87.69419661643522
16.44688293905066,4.25,6.774015263200851,49058.750000000015,100,0,62.5072893087189
12.76631200934358,2.25,4.892059237322041,3453.625000000001,100,0,60.13939881144957
18.09117481946574,4.5,6.942503137079153,81973.00000000003,100,0,91.02341552590977
14.554001642434477,2.5,5.90977439903779,13738.500000000005,100,0,54.08497112447481
19.936284209758917,4.75,6.527946706769121,29648.12499999999,100,0,73.44875554779152
16.69552561579986,2.75,6.058163732846371,15655.374999999995,100,0,73.78114423327926
19.877232378491613,5.0,7.211485102232248,111750.9999999999,100,0,64.2765623669053
0,0.0,0.9900498502502464,1.0000000000000004,100,0,3.292460257575459
14.136245546397339,3.0,6.384170246233471,26065.00000000001,100,0,52.41573898785601
9.13553075828766,0.25,1.4995982959721361,17.874999999999993,100,0,3.615147999022878
9.64640401725487,0.5,2.2795395912727483,115.5,100,0,19.778213864298586
14.521615809512046,3.25,6.693457903377477,49856.00000000005,100,0,111.50272145267583
10.602532048674266,0.75,2.70374031133573,399.25000000000006,100,0,16.5453948680876
18.696976606180055,3.5,6.361618330359889,20335.999999999993,100,0,62.94581209340833
10.83910404204896,1.0,3.851659051743051,861.0000000000001,100,0,38.65004491395253
18.704947935767095,3.75,6.487592626013543,29644.750000000007,100,0,81.85596573900828
21.061724836097135,4.0,6.6417838014514246,41121.00000000001,100,0,59.74837740449311
11.604425105883967,1.25,3.8741333754409037,1072.8749999999998,100,0,49.6271830609505
18.981637783542677,4.25,6.293422810347477,31321.375000000004,100,0,86.75061768198393
11.916901449491043,1.5,4.697347734275445,1755.9999999999993,100,0,51.595998346566994
20.702014317548937,4.5,7.097029610529796,107650.00000000003,100,0,78.63113749860467
12.772254523442161,1.75,4.6523793503686965,2481.625000000001,100,0,68.50836477468627
18.231925394742216,4.75,7.089805186776474,90521.75000000007,100,0,79.19465019402695
13.259848113506663,2.0,5.067806632969439,4961.0,100,0,56.029035286771524
22.087595185452425,5.0,7.118423319905991,111650.9999999999,100,0,87.58115689909974
0,0.0,0.9900498502502464,1.0000000000000004,100,0,2.851334468539575
8.67846693310359,0.25,1.1357460133251007,14.999999999999996,100,0,4.658687759433067
15.256492168886028,2.25,5.600256117877266,7331.500000000002,100,0,57.3984106272572
9.576762523029727,0.5,1.7403463272749087,103.0,100,0,10.041598783441994
16.48332440250914,2.5,6.237628186284145,25663.499999999978,100,0,62.718740151380224
9.964032879522817,0.75,2.8902161576472007,393.6250000000001,100,0,35.49126317706625
14.872438216349474,2.75,5.846166354218733,14097.499999999995,100,0,77.91987616401885
11.587092077042596,1.0,3.7518012414946833,810.9999999999997,100,0,30.641806293537957
16.34937122923711,3.0,6.466572665880957,32311.00000000001,100,0,89.78602989154308
11.646599581026834,1.25,4.028460665901619,1229.1249999999995,100,0,33.40820112343534
14.828226729248078,3.25,6.083005487791882,15717.999999999998,100,0,71.97587592525177
13.288535919048885,1.5,4.570996344029289,2264.4999999999995,100,0,60.75225392129616
12.962266826189818,1.75,4.637138784183286,2702.125,100,0,32.33285849041541
18.466772160059232,3.5,6.272580069348526,30013.499999999985,100,0,78.05996172975601
13.62006900176749,2.0,4.97685597364989,4072.9999999999995,100,0,43.387764273814966
16.333258564677447,3.75,6.5629056898223,31669.749999999978,100,0,50.57742557817092
13.0319156676396,2.25,5.229248007687583,5924.125000000002,100,0,52.79948518043996
16.75909490560418,4.0,6.994833543504614,76736.99999999994,100,0,78.34172631145046
15.659216756613588,2.5,5.736132722686897,10351.000000000004,100,0,72.45791334130061
17.35439809089831,4.25,6.9856099068895885,76369.25,100,0,90.0550853034269
15.29488521325145,2.75,5.970196379044208,9998.625000000002,100,0,64.82697944103715
17.050891098366012,4.5,6.9207182360405355,67838.50000000004,100,0,89.80533741100349
15.298167500173955,3.0,5.6270026124742545,13069.000000000004,100,0,56.444139386231626
17.48113789539826,4.75,6.649297068939244,40071.99999999997,100,0,69.57721762607578
15.919881543521964,3.25,6.703335101369942,50109.50000000005,100,0,77.78558309196244
22.084723879934515,5.0,7.18058102179697,118600.9999999999,100,0,78.26789716720714
0,0.0,0.9900498502502464,1.0000000000000004,100,0,3.973433659143304
8.738711723248766,0.25,1.270427749693576,18.999999999999993,100,0,5.664889957565853
16.03125333233419,3.5,6.1467970111848205,24084.499999999993,100,0,84.96737892498177
9.781645876693627,0.5,2.1651999708409146,75.0,100,0,7.35973495124713
16.25346462284222,3.75,6.849974096697298,63085.37500000004,100,0,81.87471530363335
10.4770069503088,0.75,3.6989841971905584,841.3749999999995,100,0,33.101955743229965
11.922461911374175,1.0,3.1333730834457425,611.0000000000002,100,0,9.988434013153121
18.282819432812396,4.0,6.9708003914502035,80448.99999999994,100,0,81.3297491034485
11.179382522889492,1.25,3.9015635549036403,1010.3749999999995,100,0,32.99842146351883
18.01954553895033,4.25,6.937895440640669,70480.87500000001,100,0,73.354298203661
12.36335747031204,1.5,5.043048291838125,5536.0000000000055,100,0,43.965913375101174
17.480726519550853,4.5,7.121237890994859,94204.00000000001,100,0,107.84148950650018
12.13343688550852,1.75,4.556428579125802,2420.375,100,0,60.38110751010072
17.148224404521045,4.75,7.13033220529833,98328.37500000004,100,0,65.78012171048316
12.570399212196092,2.0,4.943169836882249,4976.999999999998,100,0,43.067756988273665
16.65812176723763,5.0,6.581190938749044,47150.99999999999,100,0,84.429168846041
0,0.0,0.9900498502502464,1.0000000000000004,100,0,3.0215135028207407
8.677153963662008,0.25,1.2903401898170483,14.499999999999998,100,0,6.119948723335755
14.335198363911678,2.25,5.460625814608004,7118.875000000002,100,0,68.20086690637382
9.781479052611125,0.5,2.110231625911816,100.99999999999999,100,0,9.389887301116294
16.080053416322908,2.5,5.547589468555005,8988.500000000004,100,0,66.47494642827257
10.131636005986385,0.75,2.645332111767325,246.24999999999997,100,0,20.31295039443289
11.915013244765836,1.0,3.730240914998695,745.0,100,0,31.084365584818023
14.136355217368525,2.75,6.136927066710283,21236.500000000015,100,0,72.01997303305293
12.740847849081819,1.25,4.319401378189094,2066.6250000000005,100,0,43.57212956353299
16.773680726904733,3.0,6.35656829792842,28207.000000000004,100,0,77.3684281709338
12.75569790553834,1.5,4.064608104321244,3668.499999999999,100,0,44.838135057065855
15.402394899414528,3.25,5.905560456045712,23851.124999999993,100,0,92.99123580655076
13.217659739839991,1.75,5.250861060562578,6303.624999999997,100,0,58.97208836827665
14.670264109880492,3.5,5.894702221986911,32561.499999999985,100,0,94.86452545220523
13.011673339330345,2.0,4.817244965969666,3417.0000000000005,100,0,77.0766077636963
17.866029493957125,3.75,6.120951238193954,18507.25,100,0,69.65951588126545
13.769446807662518,2.25,5.586794700621665,6805.000000000002,100,0,59.750555084831724
17.478379466465604,4.0,6.864583331528583,65728.99999999997,100,0,72.14630892558387
19.74600655908609,4.25,6.484191234165623,44832.125000000015,100,0,67.35686207781893
15.00467286397337,2.5,5.570470800341057,12826.000000000004,100,0,67.32139165692315
22.21166185682223,4.5,6.899298146317215,70835.50000000006,100,0,66.53665962553306
14.429203793907146,2.75,6.217985531098906,22128.87500000001,100,0,68.55353184848644
20.955657616807727,4.75,6.728884453401375,72201.00000000001,100,0,98.14990863822135
15.509851629776096,3.0,5.647593409566112,14491.000000000004,100,0,62.827150887893914
19.116950488148934,5.0,7.028954539127918,66401.00000000001,100,0,99.13222053131383
17.582465263923716,3.25,6.2523117599918745,29533.749999999993,100,0,66.55682210276909
0,0.0,0.9900498502502464,1.0000000000000004,100,0,3.865390416487477
8.735088560458722,0.25,1.3748568856528214,18.499999999999993,100,0,7.982868085407594
15.828039414527947,3.5,6.747550599823813,51989.999999999985,100,0,78.9483203195639
9.542669446601527,0.5,2.3806174459578666,126.99999999999997,100,0,17.966195525057532
17.616008794692917,3.75,6.461606964991601,20588.5,100,0,65.84052273478812
10.342758864372051,0.75,2.6727242580325408,343.00000000000006,100,0,17.08904043362559
11.195112355381253,1.0,2.8544758400139263,434.9999999999999,100,0,28.832761332187292
17.2427357878717,4.0,7.022376890982276,86976.99999999994,100,0,89.4906116778378
16.74216800082742,4.25,7.1610875410899615,111627.25000000001,100,0,76.66225830416961
12.678247896089985,1.25,4.148020054167728,1322.8749999999995,100,0,37.09992041943613
16.857024025493008,4.5,7.069481513570461,90680.50000000003,100,0,87.46547470300182
14.101191433672415,1.5,4.299758049756268,3452.4999999999995,100,0,51.152586430580506
16.898280833309805,4.75,6.789727702242239,48916.49999999998,100,0,71.87136992513146
13.225950496778513,1.75,4.488704718415272,5611.499999999997,100,0,54.25105881004685
17.81680734792367,5.0,7.16309891333387,115950.9999999999,100,0,96.71455648485535
0,0.0,0.9900498502502464,1.0000000000000004,100,0,2.9776602912970738
8.729494794532714,0.25,1.6682367736724808,29.749999999999993,100,0,5.542318598017148
12.436678243996525,2.0,5.305759806113154,7184.999999999998,100,0,91.20080124643805
9.556899241296675,0.5,2.383151427486233,89.99999999999997,100,0,26.84029958075117
13.317239512253995,2.25,5.544174690272324,7969.375000000003,100,0,52.2539287737477
10.333153342573173,0.75,3.3905736442889953,421.7500000000003,100,0,21.47139313978988
15.269224734548263,2.5,5.440164641774016,7851.000000000004,100,0,69.89681955919235
11.37187415203502,1.0,3.9403928918129925,872.9999999999998,100,0,51.108242348364094
13.63003065742635,2.75,5.609328571279173,9030.625000000004,100,0,68.80939321637871
11.555508465425795,1.25,3.753399549405768,1660.3749999999998,100,0,42.59631304471195
14.448692583773834,3.0,5.747849691919818,9109.000000000002,100,0,71.17152315398718
12.078160281450197,1.5,4.855416118029872,2862.9999999999986,100,0,60.11827635926418
17.586990436442623,3.25,6.54967250342975,43434.00000000006,100,0,91.72048506636139
12.649670742486553,1.75,4.407325484434511,1838.4999999999995,100,0,57.089479625809254
15.517349507800816,3.5,6.2175011781240785,17469.5,100,0,91.21826004582948
14.66435094625832,2.0,5.368709235681756,6921.0,100,0,59.24370889725306
16.48606077527849,3.75,6.663308068089037,39826.00000000004,100,0,77.34262498775006
14.817752699103234,2.25,5.503055124127474,10966.37499999999,100,0,55.63737683126719
16.250049336427452,4.0,6.7944020432949355,48000.99999999997,100,0,59.09281501538694
13.85809522013356,2.5,5.636518101152577,7563.500000000004,100,0,49.78976490208848
16.621864904329737,4.25,6.685801351921443,36993.00000000001,100,0,95.81264988043642
17.715383511537105,2.75,6.0885533400994705,16366.249999999993,100,0,74.89880859084417
18.42656653279537,4.5,7.070732166950658,87076.00000000003,100,0,85.30917497683451
13.747535303821369,3.0,6.108340691270329,15427.000000000007,100,0,62.63388096377723
17.785347888808943,4.75,7.051854896755938,96433.12500000007,100,0,73.88863087959851
14.10443158740319,3.25,6.386199218865452,25372.124999999996,100,0,83.8862309274931
18.64344675114106,5.0,6.354040079939487,35251.00000000002,100,0,90.24592041123884
0,0.0,0.9900498502502464,1.0000000000000004,100,0,3.140869679168011
8.729596041061761,0.25,1.321152335389345,13.250000000000002,100,0,3.406231064019929
9.581224214319306,0.5,1.696622263949498,132.50000000000003,100,0,5.7199458802762475
16.64181300626114,3.5,5.986166083793108,43512.99999999999,100,0,86.45401273731218
9.926960826228033,0.75,2.4136640282057518,217.0,100,0,24.137595416622066
16.771845696809763,3.75,6.475007745487455,31950.99999999998,100,0,68.17801877601728
11.199122997387768,1.0,3.5124862089102513,557.0000000000002,100,0,26.29749515686317
17.24532860379706,4.0,6.761974220235346,57792.99999999998,100,0,82.27542711250095
12.232362292752478,1.25,4.024858567418896,1050.9999999999998,100,0,40.98645048514351
19.133195865579587,4.25,6.750488992213039,50431.500000000015,100,0,68.13519189060636
11.887514715840338,1.5,4.131377832250359,1265.4999999999998,100,0,31.548413250489094
21.107084349939292,4.5,7.143239192511671,111011.50000000001,100,0,87.02714454522625
17.482218851381063,4.75,7.231235950491729,129148.75000000004,100,0,104.29848850463725
13.499205410902706,1.75,4.4817883361463196,1918.125,100,0,65.73433702602966
13.956389398684985,2.0,5.105371640473211,4840.999999999998,100,0,49.89097849668204
26.353980189111013,5.0,6.56644779878118,63151.00000000004,100,0,88.45373905304665
0,0.0,0.9900498502502464,1.0000000000000004,100,0,4.207165038331421
8.702663231442056,0.25,1.2599324009912574,15.499999999999998,100,0,6.09377804479379
13.069275318765836,2.25,5.3327630651018625,15239.124999999989,100,0,68.6776105703024
9.64431059122242,0.5,1.8764281933146205,83.0,100,0,8.611598754624685
14.289210411626916,2.5,6.08178851060545,17625.999999999978,100,0,53.54348322397534
10.093151190254774,0.75,3.325853839100222,436.375,100,0,29.806192356177498
10.986218948769672,1.0,3.583843699451797,549.0,100,0,23.117776006936364
14.75843640994562,2.75,6.096187686796498,16381.374999999993,100,0,72.9101660457108
12.10856172113865,1.25,4.3416305108043725,1444.7499999999995,100,0,32.21830723172249
15.4565360772916,3.0,5.97407101662228,14365.00000000001,100,0,68.6168817180588
11.697181402647724,1.5,3.8154436314933133,1152.9999999999998,100,0,35.87564052707141
16.822476906478215,3.25,6.183977309118229,21886.499999999996,100,0,75.93845364184773
12.656396382849147,1.75,4.762917457630528,3161.4999999999986,100,0,33.8834641341924
14.54030743846636,2.0,5.5350583558861075,7768.999999999998,100,0,63.15031620245139
17.06536515252768,3.5,5.948138856206955,18155.499999999993,100,0,79.34639936516861
15.162559347003947,2.25,5.735950920175159,10176.624999999998,100,0,72.50175991127045
21.659489001459683,3.75,6.842420795536516,59682.25000000003,100,0,84.99543528343412
13.606870974217891,2.5,5.654576564185658,7538.500000000004,100,0,55.51844861500569
18.067616994884634,4.0,6.736553616202778,45120.99999999997,100,0,112.2507698272401
14.752495892923589,2.75,5.565506789706258,9212.125,100,0,50.6883694244312
23.576504245967033,4.25,6.286275840458508,48842.000000000015,100,0,80.855205663133
13.470388016493635,3.0,5.859681091240335,10171.000000000004,100,0,74.62920441641249
16.669079912204154,4.5,6.625552964138017,36046.000000000015,100,0,67.13746608309918
18.316599244927115,3.25,6.2792253663800786,28160.625,100,0,78.922412596898
21.375186884206716,4.75,6.74268671885297,37905.99999999997,100,0,89.80671225591315
17.955351519966477,3.5,6.521473991219892,30797.499999999993,100,0,86.23342340805692
19.370134624077856,5.0,7.07368625978419,79050.99999999991,100,0,87.82511572457888
0,0.0,0.9900498502502464,1.0000000000000004,100,0,3.476942957973015
8.678556127132914,0.25,1.2598932359099655,13.625,100,0,4.473917522146522
16.032289355604693,3.75,6.12427786574846,37097.875,100,0,88.74409693073758
9.557887000191464,0.5,2.0296158427103848,90.49999999999999,100,0,13.711814263233933
20.029164247811693,4.0,6.024125133097109,30145.000000000022,100,0,77.81935959986835
20.72895690778624,4.25,6.887339206548157,62280.50000000001,100,0,61.90464787169176
10.0323054050995,0.75,3.3053625106179605,359.87500000000006,100,0,36.90744818206681
17.037649617023025,4.5,6.988081853906783,70430.50000000006,100,0,74.61096825844044
10.752187340669979,1.0,3.8961206490228113,918.9999999999998,100,0,45.96952011475784
15.234157781617071,4.75,5.951865521059225,31723.874999999985,100,0,58.269984546381885
11.70513797668192,1.25,4.171330377188065,1232.2499999999995,100,0,48.23574296789375
27.460233929772247,5.0,7.387450876962732,175601.00000000012,100,0,84.51392773748871
0,0.0,0.9900498502502464,1.0000000000000004,100,0,1.9728858538805563
8.662440029802282,0.25,1.2545995964418926,13.375000000000002,100,0,7.119470231644502
11.692795599063427,1.5,4.3471814565446145,2367.9999999999986,100,0,44.69549853604709
9.593354923878069,0.5,3.1947445054598527,450.00000000000017,100,0,13.310415279346929
10.402359352212162,0.75,2.8458812480501128,409.37500000000017,100,0,17.41055378150631
13.950798055064709,1.75,5.009986423013533,3645.375000000002,100,0,79.4834417120766
10.537982746084511,1.0,4.2564395600572205,1369.0000000000002,100,0,42.548713880374365
14.163659793399514,2.0,5.522747733495225,7521.0,100,0,68.56886186173064
11.98998316439778,1.25,4.031365503491108,1572.875,100,0,29.729446519998138
12.780174226069915,2.25,5.634174705951667,7351.750000000002,100,0,57.86109391625525
11.285502885883396,1.5,4.535984056609778,1854.9999999999995,100,0,50.88917804666935
13.477339719115594,2.5,5.812061113704232,12526.000000000005,100,0,62.24767471664998
14.271314586554194,1.75,4.619981094368438,2904.250000000001,100,0,56.32066462245796
16.058531912774683,2.75,6.345981067248957,27452.87500000002,100,0,40.93341477363027
14.468986734309318,2.0,5.257057076973817,4584.999999999998,100,0,46.89068820990358
17.08126824805812,3.0,5.985305752485209,15085.000000000007,100,0,66.79681347750758
16.465791679707234,3.25,6.032709113277246,19414.875,100,0,53.490515386299975
16.12921452074134,2.25,5.80916246656492,11016.99999999999,100,0,64.77402406506805
17.710320590535417,3.5,6.5938152312168805,44492.99999999999,100,0,60.08216434578941
15.906478218178883,2.5,5.889265272442997,14888.500000000007,100,0,60.57792269842604
14.466926588479941,3.75,6.3385722291848285,25454.124999999975,100,0,71.8894066361129
15.566893052043868,2.75,6.375457921057679,32141.625000000015,100,0,75.13832334454587
15.858501194312018,4.0,6.733344588470118,53824.99999999998,100,0,89.82774611505458
16.24732862715582,3.0,5.989215099683005,26515.00000000001,100,0,95.99523523236614
20.41870219763571,4.25,6.647965676937929,35439.625000000015,100,0,69.33152539063019
16.093763638344758,3.25,6.5026394245329,29935.125,100,0,84.49222595055959
18.40927026767868,4.5,6.867898492102904,59212.00000000006,100,0,90.12023453708228
18.528858782421842,3.5,6.675482842068271,45693.499999999985,100,0,68.18885595489577
18.253884779921837,4.75,7.250760649716896,126215.62500000007,100,0,79.9470851232354
18.592598030850347,3.75,6.2871778266241645,33582.24999999999,100,0,89.0081021448046
19.45702882916978,5.0,7.226643830742149,122600.9999999999,100,0,108.21963441780393
0,0.0,0.9900498502502464,1.0000000000000004,100,0,3.4433925241098335
8.72757929633069,0.25,1.3411721875462248,17.749999999999993,100,0,4.632787627371686
16.131594559685812,4.0,5.955064643126561,34241.0,100,0,77.56401987103402
9.78394531748912,0.5,2.1741563748600217,102.49999999999999,100,0,12.977453803882986
18.60178968619486,4.25,6.981243430631903,79223.12499999999,100,0,70.54777677445327
9.799604233517247,0.75,2.3167995845396185,268.75,100,0,13.49052256896128
16.821993771662218,4.5,6.398207660122649,79057.00000000001,100,0,60.29733517120405
11.379193331853463,1.0,3.5132924965450893,511.00000000000017,100,0,22.075085428546625
16.57570021924111,4.75,7.124565723870914,92778.00000000007,100,0,100.2430476369504
11.206317743809683,1.25,3.9608323034833677,929.1249999999995,100,0,42.03135906938376
19.176946456265814,5.0,6.68358726011281,37351.0,100,0,80.55583628289548
12.098427216908712,1.5,4.405807245880357,1742.4999999999993,100,0,33.75441636669516
0,0.0,0.9900498502502464,1.0000000000000004,100,0,3.5002590864895127
8.664825054124567,0.25,1.5712069962840725,23.75,100,0,9.528741503305113
13.494170219495041,1.75,5.215998124659234,4711.124999999996,100,0,41.36298920391555
13.263638896968896,2.0,4.937888829889936,10992.999999999998,100,0,50.853904708517035
9.591081697745896,0.5,2.296542980148606,94.5,100,0,23.129867810515265
10.252897891752866,0.75,3.0585358890845757,425.1250000000001,100,0,28.488967392100985
14.296450952799043,2.25,5.48337549237517,7017.625000000002,100,0,77.01190799055077
11.74685187324297,1.0,3.941838957727395,1009.0000000000002,100,0,40.59731872427847
11.375970450015203,1.25,3.3643967599200866,1397.8749999999998,100,0,23.450598717034662
14.96100969794246,2.5,5.912196040007025,13813.500000000007,100,0,92.7687819946948
13.033471123354587,1.5,4.4005230059610065,1485.9999999999995,100,0,28.68959509095644
15.605053379502328,2.75,5.922550957856309,17046.875000000007,100,0,57.6930486071233
12.302071610596276,1.75,4.7329916439289725,2849.1249999999995,100,0,38.347258965409054
12.838118753158964,2.0,4.932788726196771,2944.9999999999995,100,0,38.59670519905259
17.838108826156926,3.0,6.35679864517711,23293.000000000015,100,0,97.00789430583835
14.347402467098963,2.25,5.6241387466363735,11320.749999999998,100,0,64.4107342118122
